Especie ID;Etiqueta;Nombre científico ;Nombre común;Clase;RCE;Titular;Fuente;Link;Usa N. Científico;Usa N. Común;Es protagonsita;Tiene foto;Endémica
1;1 - Acanthogonatus hualpen;Acanthogonatus hualpen;Araña (genérico);Arachnida;CR;Sin datos;Sin datos;Sin datos;Sin datos;Sin datos;Sin datos;Sin datos;Sí
2;2 - Aegla denticulata;Aegla denticulata;pancora;Malacostraca;CR;Sin datos;Sin datos;Sin datos;Sin datos;Sin datos;Sin datos;Sin datos;Sí
3;3 - Aegla papudo ;Aegla papudo ;piñacha, pancora, pancora de Papudo;Malacostraca;CR;Sin datos;Sin datos;Sin datos;Sin datos;Sin datos;Sin datos;Sin datos;Sí
4;4 - Alsodes laevis;Alsodes laevis;sapo de pecho espinoso de Potrero;Amphibia;CR;Sin datos;Sin datos;Sin datos;Sin datos;Sin datos;Sin datos;Sin datos;Sí
5;5 - Alsodes norae;Alsodes norae;rana de pecho espinoso de Oncol;Amphibia;CR;Sin datos;Sin datos;Sin datos;Sin datos;Sin datos;Sin datos;Sin datos;Sí
6;6 - Alsodes vittatus;Alsodes vittatus;sapo de pecho espinoso de Malleco;Amphibia;CR;Sin datos;Sin datos;Sin datos;Sin datos;Sin datos;Sin datos;Sin datos;Sí
7;7 - Ambrosiella kuscheli;Ambrosiella kuscheli;caracol;Gastropoda;CR;Sin datos;Sin datos;Sin datos;Sin datos;Sin datos;Sin datos;Sin datos;Sí
8;8 - Anaperochernes ambrosianus;Anaperochernes ambrosianus;seudoescorpión;Arachnida;CR;Sin datos;Sin datos;Sin datos;Sin datos;Sin datos;Sin datos;Sin datos;Sí
9;9 - Aphrastura masafuerae;Aphrastura masafuerae;rayadito de Más Afuera;Aves;CR;Sin datos;Sin datos;Sin datos;Sin datos;Sin datos;Sin datos;Sin datos;Sí
10;10 - Biomphalaria costata;Biomphalaria costata;caracol de agua dulce;Gastropoda;CR;Sin datos;Sin datos;Sin datos;Sin datos;Sin datos;Sin datos;Sin datos;Sí
11;11 - Brachistosternus philippii;Brachistosternus philippii;escorpión de Philippi;Arachnida;CR;Sin datos;Sin datos;Sin datos;Sin datos;Sin datos;Sin datos;Sin datos;Sí
12;12 - Callisphyris ficheti;Callisphyris ficheti;sierra del Orocoipo;Insecta;CR;Sin datos;Sin datos;Sin datos;Sin datos;Sin datos;Sin datos;Sin datos;Sí
13;13 - Callyntra hibrida;Callyntra hibrida;cascarudo híbrido o cascarudo del Poqui;Insecta;CR;Sin datos;Sin datos;Sin datos;Sin datos;Sin datos;Sin datos;Sin datos;Sí
14;14 - Chelanops pugil;Chelanops pugil;seudoescorpión;Arachnida;CR;Sin datos;Sin datos;Sin datos;Sin datos;Sin datos;Sin datos;Sin datos;Sí
15;15 - Chellius piramidalis;Chellius piramidalis;caracol de concha piramidal;Gastropoda;CR;Sin datos;Sin datos;Sin datos;Sin datos;Sin datos;Sin datos;Sin datos;Sí
16;16 - Chiasognathus jousselini;Chiasognathus jousselini;cantárida, ciervo volante peludo;Insecta;CR;Sin datos;Sin datos;Sin datos;Sin datos;Sin datos;Sin datos;Sin datos;Sí
17;17 - Chilina angusta;Chilina angusta;caracol de Paposo;Gasotropoda;CR;Pingüino de Humboldt y especies únicas de Chile en peligro: más del 70% está en riesgo de extinción;Meteored Chile;https://www.meteored.cl/noticias/ciencia/pinguino-de-humboldt-y-especies-unicas-de-chile-en-peligro-mas-del-70-esta-en-riesgo-de-extincion.html;1;1;1;;Sí
17;17 - Chilina angusta;Chilina angusta;caracol de Paposo;Gasotropoda;CR;Pingüino de Humboldt y especies endémicas en Chile aumentan riesgo de extinción;Cooperativa Ciencia;https://www.cooperativaciencia.cl/medio-ambiente/2025/10/20/pinguino-de-humboldt-y-especies-endemicas-en-chile-aumentan-riesgo-de-extincion/;0;1;0;1;Sí
17;17 - Chilina angusta;Chilina angusta;caracol de Paposo;Gasotropoda;CR;Especies en riesgo: pingüino de Humboldt, lagarto de Álvaro y plantas de Juan Fernández en alerta;El Mostrador;https://www.elmostrador.cl/agenda-pais/agenda-sustentable/2025/10/28/especies-en-riesgo-pinguino-de-humboldt-lagarto-de-alvaro-y-plantas-de-juan-fernandez-en-alerta/;1;1;0;0;Sí
17;17 - Chilina angusta;Chilina angusta;caracol de Paposo;Gasotropoda;CR;Pingüino de Humboldt y lagarto gruñidor en peligro;Diario Sustentable;https://www.diariosustentable.com/2025/10/pinguino-de-humboldt-lagarto-grunidor-y-plantas-endemicas-de-juan-fernandez-aumentan-su-riesgo-de-extincion-en-chile/;1;1;0;1;Sí
18;18 - Cnemalobus pegnai;Cnemalobus pegnai;;Insecta;CR;Sin datos;Sin datos;Sin datos;Sin datos;Sin datos;Sin datos;Sin datos;Sí
19;19 - Ectinogonia barrigai;Ectinogonia barrigai;balita de Barriga, bupréstido de Barriga;Insecta;CR;Sin datos;Sin datos;Sin datos;Sin datos;Sin datos;Sin datos;Sin datos;Sí
20;20 - Entomochilus wilsoni;Entomochilus wilsoni;tenebrio de Wilson, teatino de Wilson;Insecta;CR;Sin datos;Sin datos;Sin datos;Sin datos;Sin datos;Sin datos;Sin datos;Sí
21;21 - Euathlus antai;Euathlus antai;araña pollito, tarántula;Arachnida;CR;Sin datos;Sin datos;Sin datos;Sin datos;Sin datos;Sin datos;Sin datos;Sí
22;22 - Euathlus atacama;Euathlus atacama;araña pollito, tarántula;Arachnida;CR;Sin datos;Sin datos;Sin datos;Sin datos;Sin datos;Sin datos;Sin datos;Sí
23;23 - Euathlus condorito;Euathlus condorito;araña pollito, tarántula;Arachnida;CR;Sin datos;Sin datos;Sin datos;Sin datos;Sin datos;Sin datos;Sin datos;Sí
24;24 - Euathlus parvulus;Euathlus parvulus;tarántula enana, araña pollito;Arachnida;CR;Sin datos;Sin datos;Sin datos;Sin datos;Sin datos;Sin datos;Sin datos;Sí
25;25 - Eulidia yarrellii;Eulidia yarrellii;picaflor de Arica, estrellita chilena;Aves;CR;Picaflor de Arica en peligro crítico: estudio alerta impacto de la agricultura intensiva;Canal 9 Bío Bío Televisión;https://www.canal9.cl/episodios/nuestra-casa/2026/03/20/picaflor-de-arica-en-peligro-critico-estudio-alerta-impacto-de-la-agricultura-intensiva;0;1;1;1;Sí
25;25 - Eulidia yarrellii;Eulidia yarrellii;picaflor de Arica, estrellita chilena;Aves;CR;Estudio advierte pérdida de hábitat del picaflor de Arica por expansión agrícola;Cooperativa Ciencia;https://www.cooperativaciencia.cl/medio-ambiente/2026/03/12/estudio-advierte-perdida-de-habitat-del-picaflor-de-arica-por-expansion-agricola/;1;1;1;1;Sí
25;25 - Eulidia yarrellii;Eulidia yarrellii;picaflor de Arica, estrellita chilena;Aves;CR;Picaflor de Arica pierde terreno: Estudio alerta impacto de monocultivos en Azapa, ¿qué hacer?;Fundación Terram;https://www.terram.cl/picaflor-de-arica-pierde-terreno-estudio-alerta-impacto-de-monocultivos-en-azapa-que-hacer/;1;1;1;1;Sí
25;25 - Eulidia yarrellii;Eulidia yarrellii;picaflor de Arica, estrellita chilena;Aves;CR;Crean microreserva de más de 15 hectáreas para proteger a picaflor de Arica, especie que está peligro crítico de extinción;The Clinic;https://www.theclinic.cl/2026/02/25/crean-microreserva-de-mas-de-15-hectareas-para-proteger-a-picaflor-de-arica-especie-que-esta-peligro-critico-de-extincion/;1;1;1;1;Sí
25;25 - Eulidia yarrellii;Eulidia yarrellii;picaflor de Arica, estrellita chilena;Aves;CR;Alertan pérdida de hábitat del picaflor de Arica por expansión de monocultivos en valles del norte;El Mostrador;https://www.elmostrador.cl/cultura/ciencia-cultura/2026/03/05/alertan-perdida-de-habitat-del-picaflor-de-arica-por-expansion-de-monocultivos-en-valles-del-norte/;1;1;1;1;Sí
25;25 - Eulidia yarrellii;Eulidia yarrellii;picaflor de Arica, estrellita chilena;Aves;CR;Picaflor de Arica en peligro: Monocultivos amenazan su hábitat;Cooperativa.cl;https://www.cooperativa.cl/noticias/pais/medioambiente/animales/picaflor-de-arica-en-peligro-monocultivos-amenazan-su-habitat/2026-03-04/154152.html;1;1;1;1;Sí
25;25 - Eulidia yarrellii;Eulidia yarrellii;picaflor de Arica, estrellita chilena;Aves;CR;Solo quedan 400: Crean microreserva de más de 15 hectáreas para proteger al picaflor de Arica;Ladera Sur;https://laderasur.com/articulo/solo-quedan-400-crean-microreserva-de-mas-de-15-hectareas-para-proteger-al-picaflor-de-arica/;0;1;1;1;Sí
25;25 - Eulidia yarrellii;Eulidia yarrellii;picaflor de Arica, estrellita chilena;Aves;CR;Estudio advierte cómo el picaflor de Arica está perdiendo su hábitat debido a los monocultivos;BioBioChile;https://www.biobiochile.cl/noticias/ciencia-y-tecnologia/medio-ambiente-cyt/2026/03/16/estudio-advierte-como-el-picaflor-de-arica-esta-perdiendo-su-habitat-debido-a-los-monocultivos.shtml;1;1;1;1;Sí
26;26 - Geranoaetus polyosoma exsul;Geranoaetus polyosoma exsul;aguilucho de Más Afuera, aguilucho de Juan Fernández, blindado;Aves;CR;Sin datos;Sin datos;Sin datos;Sin datos;Sin datos;Sin datos;Sin datos;Sí
27;27 - Heleobia atacamensis;Heleobia atacamensis;caracol;Gastropoda;CR;Sin datos;Sin datos;Sin datos;Sin datos;Sin datos;Sin datos;Sin datos;Sí
28;28 - Heleobia transitoria;Heleobia transitoria;caracol;Gastropoda;CR;Sin datos;Sin datos;Sin datos;Sin datos;Sin datos;Sin datos;Sin datos;Sí
29;29 - Liolaemus confusus;Liolaemus confusus;lagartija de Lolol;Reptilia;CR;Sin datos;Sin datos;Sin datos;Sin datos;Sin datos;Sin datos;Sin datos;Sí
30;30 - Liolaemus curis;Liolaemus curis;lagarto negro;Reptilia;CR;Sin datos;Sin datos;Sin datos;Sin datos;Sin datos;Sin datos;Sin datos;Sí
31;31 - Liolaemus hermannunezi;Liolaemus hermannunezi;lagartija de Herman Núñez;Reptilia;CR;Sin datos;Sin datos;Sin datos;Sin datos;Sin datos;Sin datos;Sin datos;Sí
32;32 - Liolaemus melaniceps;Liolaemus melaniceps;lagartija;Reptilia;CR;Sin datos;Sin datos;Sin datos;Sin datos;Sin datos;Sin datos;Sin datos;Sí
33;33 - Liolaemus normae;Liolaemus normae;lagarto leopardo de Norma, lagarto de los cristales;Reptilia;CR;Sin datos;Sin datos;Sin datos;Sin datos;Sin datos;Sin datos;Sin datos;Sí
34;34 - Nigroperla costalis;Nigroperla costalis;;Insecta;CR;Sin datos;Sin datos;Sin datos;Sin datos;Sin datos;Sin datos;Sin datos;Sí
35;35 - Nycterinus penai;Nycterinus penai;tenebrio de Peña, teatino de Peña;Insecta;CR;Sin datos;Sin datos;Sin datos;Sin datos;Sin datos;Sin datos;Sin datos;Sí
36;36 - Omalonyx gayana;Omalonyx gayana;caracol terrestre Omalonyx;Gastropoda;CR;Sin datos;Sin datos;Sin datos;Sin datos;Sin datos;Sin datos;Sin datos;Sí
37;37 - Orestias gloriae;Orestias gloriae;pez (genérico);Actinopterygii;CR;Sin datos;Sin datos;Sin datos;Sin datos;Sin datos;Sin datos;Sin datos;Sí
38;38 - Orestias piacotensis;Orestias piacotensis;karachi;Actinopterygii;CR;Sin datos;Sin datos;Sin datos;Sin datos;Sin datos;Sin datos;Sin datos;Sí
39;39 - Palmaspis jubae;Palmaspis jubae;Escama  gigante de palma chilena;Insecta;CR;Sin datos;Sin datos;Sin datos;Sin datos;Sin datos;Sin datos;Sin datos;Sí
40;40 - Paraholopterus nahuelbutensis;Paraholopterus nahuelbutensis;;Insecta;CR;Sin datos;Sin datos;Sin datos;Sin datos;Sin datos;Sin datos;Sin datos;Sí
41;41 - Phymaturus alicahuense;Phymaturus alicahuense;matuasto de Alicahue;Reptilia;CR;Sin datos;Sin datos;Sin datos;Sin datos;Sin datos;Sin datos;Sin datos;Sí
42;42 - Phymaturus vociferator;Phymaturus vociferator;matuasto del Laja, matuasto vociferador;Reptilia;CR;Sin datos;Sin datos;Sin datos;Sin datos;Sin datos;Sin datos;Sin datos;Sí
43;43 - Pichikadi hualpensis;Pichikadi hualpensis;caracol costilludo de Hualpén;Gastropoda;CR;Sin datos;Sin datos;Sin datos;Sin datos;Sin datos;Sin datos;Sin datos;Sí
44;44 - Praocis medvedevi;Praocis medvedevi;;Insecta;CR;Sin datos;Sin datos;Sin datos;Sin datos;Sin datos;Sin datos;Sin datos;Sí
45;45 - Pristidactylus alvaroi;Pristidactylus alvaroi;lagarto gruñidor de Álvaro;Reptilia;CR;Pingüino de Humboldt y especies únicas de Chile en peligro: más del 70% está en riesgo de extinción;Meteored Chile;https://www.meteored.cl/noticias/ciencia/pinguino-de-humboldt-y-especies-unicas-de-chile-en-peligro-mas-del-70-esta-en-riesgo-de-extincion.html;1;1;1;0;Sí
45;45 - Pristidactylus alvaroi;Pristidactylus alvaroi;lagarto gruñidor de Álvaro;Reptilia;CR;Chile declara oficialmente en peligro de extinción a Pingüino de Humboldt;El Periodista;https://www.elperiodista.cl/2025/10/pinguino-de-humboldt-es-declarado-oficialmente-en-peligro-de-extincion/;1;1;1;;Sí
45;45 - Pristidactylus alvaroi;Pristidactylus alvaroi;lagarto gruñidor de Álvaro;Reptilia;CR;El pingüino de Humboldt pasa a estar en peligro de extinción y enciende las alarmas por la biodiversidad en Chile;Futuro 360 | CNN Chile;https://futuro360.cnnchile.com/el-pinguino-de-humboldt-pasa-a-estar-en-peligro-de-extincion-y-enciende-las-alarmas-por-la-biodiversidad-en-chile;0;1;0;0;Sí
45;45 - Pristidactylus alvaroi;Pristidactylus alvaroi;lagarto gruñidor de Álvaro;Reptilia;CR;Pingüino de Humboldt y especies endémicas en Chile aumentan riesgo de extinción;Cooperativa Ciencia;https://www.cooperativaciencia.cl/medio-ambiente/2025/10/20/pinguino-de-humboldt-y-especies-endemicas-en-chile-aumentan-riesgo-de-extincion/;0;1;0;1;Sí
45;45 - Pristidactylus alvaroi;Pristidactylus alvaroi;lagarto gruñidor de Álvaro;Reptilia;CR;Equipo UM logró que el “Lagarto gruñidor de Álvaro” sea considerado “en peligro crítico de extinción”;Diario Mayor;https://www.diariomayor.cl/creando-universidad/academicos/equipo-um-logro-que-el-lagarto-grunidor-de-alvaro-sea-considerado-en-peligro-critico-de-extincion;1;1;1;1;Sí
45;45 - Pristidactylus alvaroi;Pristidactylus alvaroi;lagarto gruñidor de Álvaro;Reptilia;CR;Especies en riesgo: pingüino de Humboldt, lagarto de Álvaro y plantas de Juan Fernández en alerta;El Mostrador;https://www.elmostrador.cl/agenda-pais/agenda-sustentable/2025/10/28/especies-en-riesgo-pinguino-de-humboldt-lagarto-de-alvaro-y-plantas-de-juan-fernandez-en-alerta/;1;1;1;0;Sí
45;45 - Pristidactylus alvaroi;Pristidactylus alvaroi;lagarto gruñidor de Álvaro;Reptilia;CR;Pingüino de Humboldt y lagarto gruñidor en peligro;Diario Sustentable;https://www.diariosustentable.com/2025/10/pinguino-de-humboldt-lagarto-grunidor-y-plantas-endemicas-de-juan-fernandez-aumentan-su-riesgo-de-extincion-en-chile/;1;1;1;1;Sí
45;45 - Pristidactylus alvaroi;Pristidactylus alvaroi;lagarto gruñidor de Álvaro;Reptilia;CR;Ministra Rojas expone dramático estado del pingüino de Humboldt, lagarto gruñidor y otras 70 especies;El Desconcierto;https://eldesconcierto.cl/2025/10/18/ministra-rojas-expone-dramatico-estado-del-pinguino-de-humboldt-lagarto-grunidor-y-otras-70-especies;0;1;1;0;Sí
45;45 - Pristidactylus alvaroi;Pristidactylus alvaroi;lagarto gruñidor de Álvaro;Reptilia;CR;Declaran al Lagarto gruñidor de Álvaro, especie endémica chilena, en «Peligro Crítico de Extinción;Fundación Terram;https://www.terram.cl/declaran-al-lagarto-grunidor-de-alvaro-especie-endemica-chilena-en-peligro-critico-de-extincion/;1;1;1;1;Sí
46;46 - Pseudorestias lirimensis;Pseudorestias lirimensis;pez (genérico);Actinopterygii;CR;Sin datos;Sin datos;Sin datos;Sin datos;Sin datos;Sin datos;Sin datos;Sí
47;47 - Punctum conicum;Punctum conicum;caracol terrestre Punctum;Gastropoda;CR;Sin datos;Sin datos;Sin datos;Sin datos;Sin datos;Sin datos;Sin datos;Sí
48;48 - Punctum depressum;Punctum depressum;caracol terrestre Punctum;Gastropoda;CR;Sin datos;Sin datos;Sin datos;Sin datos;Sin datos;Sin datos;Sin datos;Sí
49;49 - Rhinoderma rufum;Rhinoderma rufum;ranita ;Amphibia;CR;Gobierno retira más de 40 decretos ambientales: Entre ellos la protección a Ranita de Darwin y Pingüino de Humboldt;Meganoticias;https://www.meganoticias.cl/nacional/517253-gobierno-retira-mas-de-40-decretos-ambientales-proteccion-ranita-de-darwin-pinguino-de-humboldt-17-3-2026.html;1;1;1;0;Sí
49;49 - Rhinoderma rufum;Rhinoderma rufum;ranita ;Amphibia;CR;La ranita descubierta por Charles Darwin en Chile busca salvarse de la extinción;EL PAÍS;https://elpais.com/chile/2026-02-23/la-ranita-descubierta-por-charles-darwin-en-chile-busca-salvarse-de-la-extincion.html;1;1;0;1;Sí
49;49 - Rhinoderma rufum;Rhinoderma rufum;ranita ;Amphibia;CR;Hongo letal amenaza la supervivencia de la ranita de Darwin;Noticias UNAB;https://noticias.unab.cl/investigacion-con-sello-unab-revela-como-un-hongo-letal-amenaza-la-supervivencia-de-la-ranita-de-darwin/;0;1;0;0;Sí
49;49 - Rhinoderma rufum;Rhinoderma rufum;ranita ;Amphibia;CR;Dilucidan cómo una enfermedad está extinguiendo a la ranita de Darwin: ya mató a su especie hermana;BioBioChile;https://www.biobiochile.cl/noticias/ciencia-y-tecnologia/ciencia/2026/01/08/dilucidan-como-una-enfermedad-esta-extinguiendo-a-la-ranita-de-darwin-ya-mato-a-su-especie-hermana.shtml;0;1;0;0;Sí
49;49 - Rhinoderma rufum;Rhinoderma rufum;ranita ;Amphibia;CR;Científico chileno lidera estudio clave sobre la extinción de la ranita de Darwin;24horas;https://www.24horas.cl/conciencia-24-7/ciencia/cientifico-chileno-estudio-extincion-ranita-darwin;0;1;0;0;Sí
49;49 - Rhinoderma rufum;Rhinoderma rufum;ranita ;Amphibia;CR;Alianza internacional en Huilo Huilo busca proteger a la Ranita de Darwin de hongo letal;Cooperativa.cl;https://www.cooperativa.cl/noticias/sociedad/fauna/alianza-internacional-en-huilo-huilo-busca-proteger-a-la-ranita-de/2026-02-06/124716.html;0;1;0;0;Sí
49;49 - Rhinoderma rufum;Rhinoderma rufum;ranita ;Amphibia;CR;Guardabosques chilenos y Zoólogico de Londres buscan salvar a la ranita de Darwin de la extinción;ADN Radio;https://www.adnradio.cl/2026/02/23/guardabosques-chilenos-y-zoologico-de-londres-buscan-salvar-a-la-ranita-de-darwin-de-la-extincion/;1;1;0;0;Sí
49;49 - Rhinoderma rufum;Rhinoderma rufum;ranita ;Amphibia;CR;Científico chileno lidera estudio que revela cómo un hongo letal está extinguiendo a la ranita de Darwin;Cooperativa Ciencia;https://www.cooperativaciencia.cl/medio-ambiente/2026/01/02/cientifico-chileno-lidera-estudio-que-revela-como-un-hongo-letal-esta-extinguiendo-a-la-ranita-de-darwin/;0;1;0;0;Sí
49;49 - Rhinoderma rufum;Rhinoderma rufum;ranita ;Amphibia;CR;Investigación chilena descubre cómo un hongo invasivo provoca epidemias letales en anfibios terrestres;BioBioChile;https://www.biobiochile.cl/noticias/ciencia-y-tecnologia/ciencia/2026/01/26/investigacion-chilena-descubre-como-un-hongo-invasivo-provoca-epidemias-letales-en-anfibios-terrestres.shtml;0;1;0;0;Sí
49;49 - Rhinoderma rufum;Rhinoderma rufum;ranita ;Amphibia;CR;Retiran decreto que protegía al pingüino de Humboldt;El Ovallino;https://www.elovallino.cl/retiran-decreto-que-protegia-al-pinguino-de-humboldt/;1;1;1;0;Sí
49;49 - Rhinoderma rufum;Rhinoderma rufum;ranita ;Amphibia;CR;Contra ranita de Darwin, pingüino de Humboldt y áreas protegidas: Kast defiende retiro de 43 decretos medioambientales;Interferencia |;https://interferencia.cl/articulos/contra-ranita-de-darwin-pinguino-de-humboldt-y-areas-protegidas-kast-defiende-retiro-de-43;0;1;1;0;Sí
49;49 - Rhinoderma rufum;Rhinoderma rufum;ranita ;Amphibia;CR;Contraloría aprueba plan para proteger a las Ranitas de Darwin tras revisión del Gobierno;Radio Paulina;https://radiopaulina.cl/2026/03/20/contraloria-aprueba-plan-para-proteger-a-las-ranitas-de-darwin-tras-revision-del-gobierno/;1;1;1;0;Sí
49;49 - Rhinoderma rufum;Rhinoderma rufum;ranita ;Amphibia;CR;Revelan cómo el hongo quítrido se propaga y empuja a la ranita de Darwin a la extinción en Chile;El Mostrador;https://www.elmostrador.cl/agenda-pais/agenda-sustentable/2026/01/09/revelan-como-el-hongo-quitrido-se-propaga-y-empuja-a-la-ranita-de-darwin-a-la-extincion-en-chile/;0;1;0;0;Sí
50;50 - Sclerostomulus nitidus;Sclerostomulus nitidus;borrachito;Insecta;CR;1000 genomas: el proyecto que busca construir el inventario más completo de la biodiversidad de Chile;Pontificia Universidad Católica de Chile;https://biologia.uc.cl/1000-genomas-el-proyecto-que-busca-construir-el-inventario-mas-completo-de-la-biodiversidad-de-chile/;1;1;0;0;Sí
51;51 - Sephanoides fernandensis;Sephanoides fernandensis;picaflor de Juan Fernández;Aves;CR;Chile levanta el mayor registro genético de su biodiversidad;EL PAÍS;https://elpais.com/chile/2025-10-20/chile-levanta-el-mayor-registro-genetico-de-su-biodiversidad.html;0;1;0;1;Sí
52;52 - Sterphus aurifrons;Sterphus aurifrons;mosco de Juan Fernández, mosco de rostro dorado;Insecta;CR;Sin datos;Sin datos;Sin datos;Sin datos;Sin datos;Sin datos;Sin datos;Sí
53;53 - Succinea cryptica;Succinea cryptica;caracol terrestre Succinea;Gastropoda;CR;Sin datos;Sin datos;Sin datos;Sin datos;Sin datos;Sin datos;Sin datos;Sí
54;54 - Succinea cumingi;Succinea cumingi;caracol terrestre Succinea;Gastropoda;CR;Sin datos;Sin datos;Sin datos;Sin datos;Sin datos;Sin datos;Sin datos;Sí
55;55 - Succinea fernandi;Succinea fernandi;caracol terrestre Succinea;Gastropoda;CR;Sin datos;Sin datos;Sin datos;Sin datos;Sin datos;Sin datos;Sin datos;Sí
56;56 - Succinea masafuerae;Succinea masafuerae;caracol terrestre Succinea;Gastropoda;CR;Sin datos;Sin datos;Sin datos;Sin datos;Sin datos;Sin datos;Sin datos;Sí
57;57 - Succinea rubicunda;Succinea rubicunda;caracol terrestre Succinea;Gastropoda;CR;Sin datos;Sin datos;Sin datos;Sin datos;Sin datos;Sin datos;Sin datos;Sí
58;58 - Succinea semiglobosa;Succinea semiglobosa;caracol terrestre Succinea;Gastropoda;CR;Sin datos;Sin datos;Sin datos;Sin datos;Sin datos;Sin datos;Sin datos;Sí
59;59 - Succinea texta;Succinea texta;caracol terrestre Succinea;Gastropoda;CR;Sin datos;Sin datos;Sin datos;Sin datos;Sin datos;Sin datos;Sin datos;Sí
60;60 - Swiftia comauensis;Swiftia comauensis;gorgona amarilla-roja;Anthozoa;CR;Sin datos;Sin datos;Sin datos;Sin datos;Sin datos;Sin datos;Sin datos;Sí
61;61 - Telmatobius chusmisensis;Telmatobius chusmisensis;sapo;Amphibia;CR;Sin datos;Sin datos;Sin datos;Sin datos;Sin datos;Sin datos;Sin datos;Sí
62;62 - Telmatobius dankoi;Telmatobius dankoi;sapo de Danko;Amphibia;CR;Sin datos;Sin datos;Sin datos;Sin datos;Sin datos;Sin datos;Sin datos;Sí
63;63 - Telmatobius fronteriensis;Telmatobius fronteriensis;sapo ;Amphibia;CR;Sin datos;Sin datos;Sin datos;Sin datos;Sin datos;Sin datos;Sin datos;Sí
64;64 - Telmatobius halli;Telmatobius halli;sapo ;Amphibia;CR;Sin datos;Sin datos;Sin datos;Sin datos;Sin datos;Sin datos;Sin datos;Sí
65;65 - Telmatobius vilamensis;Telmatobius vilamensis;rana de Vilama;Amphibia;CR;Sin datos;Sin datos;Sin datos;Sin datos;Sin datos;Sin datos;Sin datos;Sí
66;66 - Tornatellina aperta;Tornatellina aperta;caracol terrestre Tornatellina;Gastropoda;CR;Sin datos;Sin datos;Sin datos;Sin datos;Sin datos;Sin datos;Sin datos;Sí
67;67 - Tornatellina bilamellata;Tornatellina bilamellata;caracol terrestre Tornatellina;Gastropoda;CR;Sin datos;Sin datos;Sin datos;Sin datos;Sin datos;Sin datos;Sin datos;Sí
68;68 - Tornatellina callosa;Tornatellina callosa;caracol terrestre Tornatellina;Gastropoda;CR;Sin datos;Sin datos;Sin datos;Sin datos;Sin datos;Sin datos;Sin datos;Sí
69;69 - Tornatellina plicosa;Tornatellina plicosa;caracol terrestre Tornatellina;Gastropoda;CR;Sin datos;Sin datos;Sin datos;Sin datos;Sin datos;Sin datos;Sin datos;Sí
70;70 - Tornatellina reclusiana;Tornatellina reclusiana;caracol terrestre Tornatellina;Gastropoda;CR;Sin datos;Sin datos;Sin datos;Sin datos;Sin datos;Sin datos;Sin datos;Sí
71;71 - Acalodegma vidali;Acalodegma vidali;;Insecta;EN;Sin datos;Sin datos;Sin datos;Sin datos;Sin datos;Sin datos;Sin datos;Sí
72;72 - Aegla bahamondei;Aegla bahamondei;Pancora;Malacostraca;EN;Sin datos;Sin datos;Sin datos;Sin datos;Sin datos;Sin datos;Sin datos;Sí
73;73 - Aegla concepcionensis;Aegla concepcionensis;Pancora;Malacostraca;EN;Sin datos;Sin datos;Sin datos;Sin datos;Sin datos;Sin datos;Sin datos;Sí
74;74 - Aegla expansa;Aegla expansa;Pancora;Malacostraca;EN;Sin datos;Sin datos;Sin datos;Sin datos;Sin datos;Sin datos;Sin datos;Sí
75;75 - Aegla laevis;Aegla laevis;Pancora;Malacostraca;EN;Sin datos;Sin datos;Sin datos;Sin datos;Sin datos;Sin datos;Sin datos;Sí
76;76 - Aegla occidentalis;Aegla occidentalis;Pancora;Malacostraca;EN;Sin datos;Sin datos;Sin datos;Sin datos;Sin datos;Sin datos;Sin datos;Sí
77;77 - Aegla papudo;Aegla papudo;Pancora;Malacostraca;EN;Sin datos;Sin datos;Sin datos;Sin datos;Sin datos;Sin datos;Sin datos;Sí
78;78 - Allograpta robinsoniana;Allograpta robinsoniana;Mosca florícola de Juan Fernández;Insecta;EN;Sin datos;Sin datos;Sin datos;Sin datos;Sin datos;Sin datos;Sin datos;Sí
79;79 - Alsodes barrioi;Alsodes barrioi;Sapo de Barros;Amphibia;EN-RARA;Sin datos;Sin datos;Sin datos;Sin datos;Sin datos;Sin datos;Sin datos;Sí
80;80 - Alsodes cantillanensis;Alsodes cantillanensis;Sapo;Amphibia;EN;Cerrado por prevención de incendios: La vuelta de la fauna de dos áreas protegidas tras prohibir el ingreso de público en verano;Ladera Sur;https://laderasur.com/articulo/cerrado-por-prevencion-de-incendios-la-vuelta-de-la-fauna-de-dos-areas-protegidas-tras-prohibir-el-ingreso-de-publico-en-verano/;1;1;0;1;Sí
80;80 - Alsodes cantillanensis;Alsodes cantillanensis;Sapo;Amphibia;EN;Diez de diez: Las 10 especies chilenas más emblemáticas descubiertas en los últimos 10 años;Ladera Sur;https://laderasur.com/articulo/diez-de-diez-las-10-especies-chilenas-mas-emblematicas-descubiertas-en-los-ultimos-10-anos/;1;1;0;1;Sí
81;81 - Alsodes montanus;Alsodes montanus;Sapo de monte;Amphibia;EN-RARA;Sin datos;Sin datos;Sin datos;Sin datos;Sin datos;Sin datos;Sin datos;Sí
82;82 - Alsodes tumultuosus;Alsodes tumultuosus;Sapo;Amphibia;EN-RARA;Serpiente de cola larga se convierte en la nueva embajadora de la Fauna Chilena 2026;Diario Usach;https://www.diariousach.cl/serpiente-de-cola-larga-se-convierte-en-la-nueva-embajadora-de-la-fauna;1;1;1;1;Sí
83;83 - Alsodes valdiviensis;Alsodes valdiviensis;Rana de pecho espinoso de Cordillera Pelada;Amphibia;EN;Sin datos;Sin datos;Sin datos;Sin datos;Sin datos;Sin datos;Sin datos;Sí
84;84 - Alsodes vanzolinii;Alsodes vanzolinii;Sapo de Vanzolini;Amphibia;EN-RARA;Sin datos;Sin datos;Sin datos;Sin datos;Sin datos;Sin datos;Sin datos;Sí
85;85 - Alsodes verrucosus;Alsodes verrucosus;Sapo de pecho espinoso de verrugas;Amphibia;EN;Sin datos;Sin datos;Sin datos;Sin datos;Sin datos;Sin datos;Sin datos;Sí
86;86 - Alyma quiriquinaensis;Alyma quiriquinaensis;Típula pintada;Insecta;EN;Sin datos;Sin datos;Sin datos;Sin datos;Sin datos;Sin datos;Sin datos;Sí
87;87 - Americobdella valdiviana;Americobdella valdiviana;Liguay, sanguijuela gigante valdiviana;Clitellata;EN;Sin datos;Sin datos;Sin datos;Sin datos;Sin datos;Sin datos;Sin datos;Sí
88;88 - Amphidoxa arctispira;Amphidoxa arctispira;Caracol terrestre Amphidoxa;Gastropoda;EN;Sin datos;Sin datos;Sin datos;Sin datos;Sin datos;Sin datos;Sin datos;Sí
89;89 - Amphidoxa ceroides;Amphidoxa ceroides;Caracol terrestre Amphidoxa;Gastropoda;EN;Sin datos;Sin datos;Sin datos;Sin datos;Sin datos;Sin datos;Sin datos;Sí
90;90 - Amphidoxa helicophantoides;Amphidoxa helicophantoides;Caracol terrestre Amphidoxa;Gastropoda;EN;Sin datos;Sin datos;Sin datos;Sin datos;Sin datos;Sin datos;Sin datos;Sí
91;91 - Amphidoxa marmorella;Amphidoxa marmorella;Caracol terrestre Amphidoxa;Gastropoda;EN;Sin datos;Sin datos;Sin datos;Sin datos;Sin datos;Sin datos;Sin datos;Sí
92;92 - Amphidoxa pusio;Amphidoxa pusio;Caracol terrestre Amphidoxa;Gastropoda;EN;Sin datos;Sin datos;Sin datos;Sin datos;Sin datos;Sin datos;Sin datos;Sí
93;93 - Amphidoxa quadrata;Amphidoxa quadrata;Caracol terrestre Amphidoxa;Gastropoda;EN;Sin datos;Sin datos;Sin datos;Sin datos;Sin datos;Sin datos;Sin datos;Sí
94;94 - Amphidoxa selkirki;Amphidoxa selkirki;Caracol terrestre Amphidoxa;Gastropoda;EN;Sin datos;Sin datos;Sin datos;Sin datos;Sin datos;Sin datos;Sin datos;Sí
95;95 - Amphidoxa tessellata;Amphidoxa tessellata;Caracol terrestre Amphidoxa;Gastropoda;EN;Sin datos;Sin datos;Sin datos;Sin datos;Sin datos;Sin datos;Sin datos;Sí
96;96 - Anairetes fernandezianus;Anairetes fernandezianus;Cachudito de Juan Fernández ;Aves;EN-RARA;Sin datos;Sin datos;Sin datos;Sin datos;Sin datos;Sin datos;Sin datos;Sí
97;97 - Aplochiton marinus;Aplochiton marinus;Peladilla;Actinopterygii;EN;Sin datos;Sin datos;Sin datos;Sin datos;Sin datos;Sin datos;Sin datos;Sí
98;98 - Aplochiton zebra;Aplochiton zebra;Peladilla;Actinopterygii;EN;Sin datos;Sin datos;Sin datos;Sin datos;Sin datos;Sin datos;Sin datos;Sí
99;99 - Apterodorcus tristis;Apterodorcus tristis;Mancapollo, pica pollo, borracho, borrachito, buey;Insecta;EN;Sin datos;Sin datos;Sin datos;Sin datos;Sin datos;Sin datos;Sin datos;Sí
100;100 - Ardenna creatopus;Ardenna creatopus;Fardela blanca;Aves;EN;Isla Mocha celebra la llegada de la fardela blanca con masiva participación comunitaria;Diario Concepción;https://www.diarioconcepcion.cl/ciudad/2025/11/27/isla-mocha-celebra-la-llegada-de-la-fardela-blanca-con-masiva-participacion-comunitaria.html;1;1;1;1;Sí
101;101 - Bolborhinum trilobulicorne;Bolborhinum trilobulicorne;Escarabajo;Insecta;EN;Sin datos;Sin datos;Sin datos;Sin datos;Sin datos;Sin datos;Sin datos;Sí
102;102 - Brachistosternus cepedai;Brachistosternus cepedai;Escorpión de Cepeda;Arachnida;EN;Sin datos;Sin datos;Sin datos;Sin datos;Sin datos;Sin datos;Sin datos;Sí
103;103 - Bullockia maldonadoi;Bullockia maldonadoi;Bagrecito;Actinopterygii;EN;Sin datos;Sin datos;Sin datos;Sin datos;Sin datos;Sin datos;Sin datos;Sí
104;104 - Callyntra cantillana;Callyntra cantillana;Cascarudo de Cantillana;Insecta;EN;Sin datos;Sin datos;Sin datos;Sin datos;Sin datos;Sin datos;Sin datos;Sí
105;105 - Callyntra multicosta;Callyntra multicosta;Cascarudo de Las Docas;Insecta;EN;Sin datos;Sin datos;Sin datos;Sin datos;Sin datos;Sin datos;Sin datos;Sí
106;106 - Callyntra penai;Callyntra penai;Cascarudo de Peña;Insecta;EN;Sin datos;Sin datos;Sin datos;Sin datos;Sin datos;Sin datos;Sin datos;Sí
107;107 - Callyntra planiuscula;Callyntra planiuscula;Cascarudo de la Plata;Insecta;EN;Sin datos;Sin datos;Sin datos;Sin datos;Sin datos;Sin datos;Sin datos;Sí
108;108 - Charopa involuta;Charopa involuta;Caracol terrestre Charopa;Gastropoda;EN;Sin datos;Sin datos;Sin datos;Sin datos;Sin datos;Sin datos;Sin datos;Sí
109;109 - Charopa masafuerae;Charopa masafuerae;Caracol terrestre Charopa;Gastropoda;EN;Sin datos;Sin datos;Sin datos;Sin datos;Sin datos;Sin datos;Sin datos;Sí
110;110 - Cheirodon kiliani;Cheirodon kiliani;Pocha;Actinopterygii;EN-RARA;Chinchilla de cola larga: La especie que aplazó una mega desaladora y que lucha por no desaparecer otra vez;El Desconcierto;https://eldesconcierto.cl/2026/01/02/chinchilla-de-cola-larga-la-especie-que-aplazo-una-mega-desaladora-y-que-lucha-por-no-desaparecer-otra-vez;1;1;1;1;Sí
110;110 - Cheirodon kiliani;Cheirodon kiliani;Pocha;Actinopterygii;EN-RARA;Mayor planta desalinizadora suspende su tramitación ambiental hasta febrero de 2026 para estudiar a chinchilla lanígera;La Tercera;https://www.latercera.com/pulso/noticia/mayor-planta-desalinizadora-suspende-su-tramitacion-ambiental-hasta-febrero-de-2026-para-estudiar-a-chinchilla-lanigera/;1;1;1;1;Sí
110;110 - Cheirodon kiliani;Cheirodon kiliani;Pocha;Actinopterygii;EN-RARA;Chinchillas atrasan aprobación ambiental de mayor desaladora de Chile;Ex-Ante;https://www.ex-ante.cl/las-dudas-que-persisten-en-la-evaluacion-ambiental-de-la-mayor-desaladora-en-chile/;1;1;0;1;Sí
111;111 - Chileputo chilensis;Chileputo chilensis;Chanchito blanco de la araucaria;Insecta;EN ;Sin datos;Sin datos;Sin datos;Sin datos;Sin datos;Sin datos;Sin datos;Sí
112;112 - Chinchilla lanigera;Chinchilla lanigera;Chinchilla costina;Mammalia;EN;Sin datos;Sin datos;Sin datos;Sin datos;Sin datos;Sin datos;Sin datos;Sí
113;113 - Chrysiptera rapanui;Chrysiptera rapanui;Mamata;Actinopterygii;EN;Sin datos;Sin datos;Sin datos;Sin datos;Sin datos;Sin datos;Sin datos;Sí
114;114 - Cnemalobus hirsutus;Cnemalobus hirsutus;;Insecta;EN;Sin datos;Sin datos;Sin datos;Sin datos;Sin datos;Sin datos;Sin datos;Sí
115;115 - Cnemalobus nuria;Cnemalobus nuria;;Insecta;EN;Sin datos;Sin datos;Sin datos;Sin datos;Sin datos;Sin datos;Sin datos;Sí
116;116 - Conognatha azarae fisheri;Conognatha azarae fisheri;Balita, insecto joya de Fisher;Insecta;EN;Sin datos;Sin datos;Sin datos;Sin datos;Sin datos;Sin datos;Sin datos;Sí
117;117 - Conognatha leechi;Conognatha leechi;Balita, insecto joya de Leech;Insecta;EN;Sin datos;Sin datos;Sin datos;Sin datos;Sin datos;Sin datos;Sin datos;Sí
118;118 - Diplomystes camposensis;Diplomystes camposensis;Tollo;Actinopterygii;EN;Sin datos;Sin datos;Sin datos;Sin datos;Sin datos;Sin datos;Sin datos;Sí
119;119 - Diplomystes chilensis;Diplomystes chilensis;Tollo de agua dulce;Actinopterygii;EN-RARA;Suben precios del pescado para consumidores, pero autoridades reportan estabilidad en mayorista: así están las tarifas antes de Semana Santa;Infobae;https://www.infobae.com/colombia/2026/03/25/suben-precios-del-pescado-para-consumidores-pero-autoridades-reportan-estabilidad-en-mayorista-asi-estan-las-tarifas-antes-de-semana-santa/;0;1;0;1;Sí
119;119 - Diplomystes chilensis;Diplomystes chilensis;Tollo de agua dulce;Actinopterygii;EN-RARA;El 80% de los “tollos” comercializados en el norte de Chile son tiburones juveniles en peligro de extinción;Cooperativa Ciencia;https://www.cooperativaciencia.cl/medio-ambiente/2026/03/23/el-80-de-los-tollos-comercializados-en-el-norte-de-chile-son-tiburones-juveniles-en-peligro-de-extincion/;1;1;1;1;Sí
119;119 - Diplomystes chilensis;Diplomystes chilensis;Tollo de agua dulce;Actinopterygii;EN-RARA;Investigadores de la UA alertan sobre crítico estado de tiburones costeros consumidos como “tollos” en el norte de Chile;Desierto FM;https://www.desiertofm.cl/investigadores-de-la-ua-alertan-sobre-critico-estado-de-tiburones-costeros-consumidos-como-tollos-en-el-norte-de-chile/;1;1;1;1;Sí
119;119 - Diplomystes chilensis;Diplomystes chilensis;Tollo de agua dulce;Actinopterygii;EN-RARA;Población en estado crítico: Científicos alertan por consumo de tiburones como 'tollo' o 'albacorilla' en Antofagasta;SoyChile.cl;https://www.soychile.cl/antofagasta/sociedad/2026/03/10/942972/cientifico-alerta-costa-antofagasta.html;1;1;1;1;Sí
119;119 - Diplomystes chilensis;Diplomystes chilensis;Tollo de agua dulce;Actinopterygii;EN-RARA;Con el nombre de tollos, Chile consume a ciegas tiburones en peligro crítico de extinción;Mongabay Latam;https://es.mongabay.com/2026/03/tollos-chile-consume-tiburones-peligro-critico-extincion/;1;1;1;1;Sí
120;120 - Diplomystes nahuelbutaensis;Diplomystes nahuelbutaensis;Tollo ;Actinopterygii;EN;Sin datos;Sin datos;Sin datos;Sin datos;Sin datos;Sin datos;Sin datos;Sí
121;121 - Enodisomacris curtipennis;Enodisomacris curtipennis;"Langosta de alas cortas; langosta de Ureta; langosta de Lila; langosta de La Chimba
";Insecta;EN;Sin datos;Sin datos;Sin datos;Sin datos;Sin datos;Sin datos;Sin datos;Sí
122;122 - Erichius virgatus;Erichius virgatus;Borrachito de Tolhuaca, borrachito listado de Tolhuaca;Insecta;EN;Sin datos;Sin datos;Sin datos;Sin datos;Sin datos;Sin datos;Sin datos;Sí
123;123 - Euathlus affinis;Euathlus affinis;Tarántula afín de Santiago;Arachnida;EN;Sin datos;Sin datos;Sin datos;Sin datos;Sin datos;Sin datos;Sin datos;Sí
124;124 - Eupsophus altor;Eupsophus altor;Rana de hojarasca de Oncol;Amphibia;EN;Sin datos;Sin datos;Sin datos;Sin datos;Sin datos;Sin datos;Sin datos;Sí
125;125 - Eupsophus contulmoensis;Eupsophus contulmoensis;Sapo de Contulmo;Amphibia;EN;Sin datos;Sin datos;Sin datos;Sin datos;Sin datos;Sin datos;Sin datos;Sí
126;126 - Eupsophus insularis;Eupsophus insularis;Sapo de Isla Mocha;Amphibia;EN-RARA;Sin datos;Sin datos;Sin datos;Sin datos;Sin datos;Sin datos;Sin datos;Sí
127;127 - Eupsophus migueli;Eupsophus migueli;Sapo de Miguel;Amphibia;EN-RARA;Sin datos;Sin datos;Sin datos;Sin datos;Sin datos;Sin datos;Sin datos;Sí
128;128 - Eupsophus nahuelbutensis;Eupsophus nahuelbutensis;Sapo de Nahuelbuta;Amphibia;EN-RARA;Sin datos;Sin datos;Sin datos;Sin datos;Sin datos;Sin datos;Sin datos;Sí
129;129 - Eupsophus septentrionalis;Eupsophus septentrionalis;Ranita de Los Queules;Amphibia;EN;Sin datos;Sin datos;Sin datos;Sin datos;Sin datos;Sin datos;Sin datos;Sí
130;130 - Exallococcus laureliae;Exallococcus laureliae;Cochinilla de fieltro (genérico);Insecta;EN;Sin datos;Sin datos;Sin datos;Sin datos;Sin datos;Sin datos;Sin datos;Sí
131;131 - Falco sparverius fernandenzis;Falco sparverius fernandenzis;Cernícalo de Juan Fernández;Aves;EN;Sin datos;Sin datos;Sin datos;Sin datos;Sin datos;Sin datos;Sin datos;Sí
132;132 - Fernandezia bulimoides;Fernandezia bulimoides;Caracol terrestre de Juan Fernández;Gastropoda;EN;Sin datos;Sin datos;Sin datos;Sin datos;Sin datos;Sin datos;Sin datos;Sí
133;133 - Fernandezia conifera;Fernandezia conifera;Caracol terrestre de Juan Fernández;Gastropoda;EN;Sin datos;Sin datos;Sin datos;Sin datos;Sin datos;Sin datos;Sin datos;Sí
134;134 - Fernandezia consimilis;Fernandezia consimilis;Caracol terrestre de Juan Fernández;Gastropoda;EN;Sin datos;Sin datos;Sin datos;Sin datos;Sin datos;Sin datos;Sin datos;Sí
135;135 - Fernandezia cylindrella;Fernandezia cylindrella;Caracol terrestre de Juan Fernández;Gastropoda;EN;Sin datos;Sin datos;Sin datos;Sin datos;Sin datos;Sin datos;Sin datos;Sí
136;136 - Fernandezia diaphana;Fernandezia diaphana;Caracol terrestre de Juan Fernández;Gastropoda;EN;Sin datos;Sin datos;Sin datos;Sin datos;Sin datos;Sin datos;Sin datos;Sí
137;137 - Fernandezia expansa;Fernandezia expansa;Caracol terrestre de Juan Fernández;Gastropoda;EN;Sin datos;Sin datos;Sin datos;Sin datos;Sin datos;Sin datos;Sin datos;Sí
138;138 - Fernandezia inornata;Fernandezia inornata;Caracol terrestre de Juan Fernández;Gastropoda;EN;Sin datos;Sin datos;Sin datos;Sin datos;Sin datos;Sin datos;Sin datos;Sí
139;139 - Fernandezia longa;Fernandezia longa;Caracol terrestre de Juan Fernández;Gastropoda;EN;Sin datos;Sin datos;Sin datos;Sin datos;Sin datos;Sin datos;Sin datos;Sí
140;140 - Fernandezia philippiana;Fernandezia philippiana;Caracol terrestre de Juan Fernández;Gastropoda;EN;Sin datos;Sin datos;Sin datos;Sin datos;Sin datos;Sin datos;Sin datos;Sí
141;141 - Fernandezia splendida;Fernandezia splendida;Caracol terrestre de Juan Fernández;Gastropoda;EN;Sin datos;Sin datos;Sin datos;Sin datos;Sin datos;Sin datos;Sin datos;Sí
142;142 - Fernandezia tryoni;Fernandezia tryoni;Caracol terrestre de Juan Fernández;Gastropoda;EN;Sin datos;Sin datos;Sin datos;Sin datos;Sin datos;Sin datos;Sin datos;Sí
143;143 - Fernandezia wilsoni;Fernandezia wilsoni;Caracol terrestre de Juan Fernández;Gastropoda;EN;Sin datos;Sin datos;Sin datos;Sin datos;Sin datos;Sin datos;Sin datos;Sí
144;144 - Galaxias globiceps;Galaxias globiceps;Puye;Actinopterygii;EN-RARA;Sin datos;Sin datos;Sin datos;Sin datos;Sin datos;Sin datos;Sin datos;Sí
145;145 - Gyriosomus angustus;Gyriosomus angustus;Vaquita del desierto de Paposo;Insecta;EN;Vaquitas del desierto, las discretas y esenciales guardianas de la flora desértica;Ladera Sur;https://laderasur.com/articulo/vaquitas-del-desierto-las-discretas-y-esenciales-guardianas-de-la-flora-desertica/;1;1;1;1;Sí
145;145 - Gyriosomus angustus;Gyriosomus angustus;Vaquita del desierto de Paposo;Insecta;EN;Vaquitas del desierto: escarabajos claves para la salud ecológica del Desierto Florido en Chile;Noticias Ambientales;https://noticiasambientales.com/ciencia/vaquitas-del-desierto-escarabajos-claves-para-la-salud-ecologica-del-desierto-florido-en-chile/;1;1;1;1;Sí
146;146 - Heleobia ascotanensis;Heleobia ascotanensis;Caracol;Gastropoda;EN;Sin datos;Sin datos;Sin datos;Sin datos;Sin datos;Sin datos;Sin datos;Sí
147;147 - Henicotherus francisca;Henicotherus francisca;No conocido;Insecta;EN;Sin datos;Sin datos;Sin datos;Sin datos;Sin datos;Sin datos;Sin datos;Sí
148;148 - Homoeomma orellanai;Homoeomma orellanai;Tarántula enana de penacho amarillo, araña pollito;Arachnida;EN;Sin datos;Sin datos;Sin datos;Sin datos;Sin datos;Sin datos;Sin datos;Sí
149;149 - Insuetophrynus acarpicus;Insuetophrynus acarpicus;Sapo ;Amphibia;EN-RARA;Sin datos;Sin datos;Sin datos;Sin datos;Sin datos;Sin datos;Sin datos;Sí
150;150 - Lasia pulla;Lasia pulla;Mosca colibrí enana;Insecta;EN;¿Conoces a la mosquita colibrí?: El singular polinizador nativo de Chile;reporteagricola.cl;https://www.reporteagricola.cl/noticia/noticias/2025/12/mosquita-colibri-polinizador-nativo-chile;1;1;1;1;Sí
151;151 - Liolaemus buergeri;Liolaemus buergeri;Lagartija de Bürger;Reptilia;EN;Sin datos;Sin datos;Sin datos;Sin datos;Sin datos;Sin datos;Sin datos;Sí
152;152 - Liolaemus carlosgarini;Liolaemus carlosgarini;Lagartija de Garín;Reptilia;EN;Sin datos;Sin datos;Sin datos;Sin datos;Sin datos;Sin datos;Sin datos;Sí
153;153 - Liolaemus chillanensis;Liolaemus chillanensis;Lagarto de Chillán;Reptilia;EN;Sin datos;Sin datos;Sin datos;Sin datos;Sin datos;Sin datos;Sin datos;Sí
154;154 - Liolaemus fabiani;Liolaemus fabiani;Lagartija de Fabián;Reptilia;EN;Sin datos;Sin datos;Sin datos;Sin datos;Sin datos;Sin datos;Sin datos;Sí
155;155 - Liolaemus foxi;Liolaemus foxi;Lagartija de Fox;Reptilia;EN;Sin datos;Sin datos;Sin datos;Sin datos;Sin datos;Sin datos;Sin datos;Sí
156;156 - Liolaemus frassinettii;Liolaemus frassinettii;Lagartija del Cerro Cantillana, lagarto de Frassinetti;Reptilia;EN;Sin datos;Sin datos;Sin datos;Sin datos;Sin datos;Sin datos;Sin datos;Sí
157;157 - Liolaemus leftrarui;Liolaemus leftrarui;Lagartija de Leftraru, Leftraru’s Lizard (Inglés);Reptilia;EN;Sin datos;Sin datos;Sin datos;Sin datos;Sin datos;Sin datos;Sin datos;Sí
158;158 - Liolaemus leopardinus;Liolaemus leopardinus;Lagarto leopardo;Reptilia;EN;Sin datos;Sin datos;Sin datos;Sin datos;Sin datos;Sin datos;Sin datos;Sí
159;159 - Liolaemus manueli;Liolaemus manueli;Lagartija de Manuel;Reptilia;EN;Sin datos;Sin datos;Sin datos;Sin datos;Sin datos;Sin datos;Sin datos;Sí
160;160 - Liolaemus nigrocoeruleus;Liolaemus nigrocoeruleus;Lagartija negro azulada, Black Bluish Lizard (Inglés);Reptilia;EN;Sin datos;Sin datos;Sin datos;Sin datos;Sin datos;Sin datos;Sin datos;Sí
161;161 - Liolaemus poconchilensis;Liolaemus poconchilensis;Lagarto de Poconchile;Reptilia;EN;Sin datos;Sin datos;Sin datos;Sin datos;Sin datos;Sin datos;Sin datos;Sí
162;162 - Liolaemus scorialis;Liolaemus scorialis;Lagarto del escorial, Slag Lizard (Inglés);Reptilia;EN;Sin datos;Sin datos;Sin datos;Sin datos;Sin datos;Sin datos;Sin datos;Sí
163;163 - Liolaemus septentrionalis;Liolaemus septentrionalis;Lagartija pintada septentrional, Northern Painted Lizard (Inglés);Reptilia;EN;Sin datos;Sin datos;Sin datos;Sin datos;Sin datos;Sin datos;Sin datos;Sí
164;164 - Liolaemus ubaghsi;Liolaemus ubaghsi;Lagarto leopardo de Ubaghs, Ubaghs’ Leopard Lizard (Inglés);Reptilia;EN;Sin datos;Sin datos;Sin datos;Sin datos;Sin datos;Sin datos;Sin datos;Sí
165;165 - Liolaemus villaricensis;Liolaemus villaricensis;Lagartija;Reptilia;EN;Sin datos;Sin datos;Sin datos;Sin datos;Sin datos;Sin datos;Sin datos;Sí
166;166 - Luispenaia paposo;Luispenaia paposo;Pololo de Paposo;Insecta;EN;Sin datos;Sin datos;Sin datos;Sin datos;Sin datos;Sin datos;Sin datos;Sí
167;167 - Lycalopex fulvipes;Lycalopex fulvipes;Zorro de Chiloé;Mammalia;EN;Seminario sobre el Zorro de Darwin se realizará en la Universidad Católica de Temuco;Alerta Noticias Temuco.cl;https://alertanoticiastemuco.cl/2025/12/10/seminario-uct-conservacion-zorro-de-darwin/;0;1;1;1;Sí
167;167 - Lycalopex fulvipes;Lycalopex fulvipes;Zorro de Chiloé;Mammalia;EN;Avistamiento de zorro chilote en Mariquina abre la opción de un posible corredor biológico en Los Ríos;RioenLinea;https://www.rioenlinea.cl/avistamiento-de-zorro-chilote-en-mariquina-abre-la-opcion-de-un-posible-corredor-biologico-en-los-rios/;1;1;1;1;Sí
167;167 - Lycalopex fulvipes;Lycalopex fulvipes;Zorro de Chiloé;Mammalia;EN;Confirman presencia de zorro chilote en Mariquina tras nuevos registros obtenidos por cámaras trampa;noticiaslosrios.cl;https://www.noticiaslosrios.cl/2025/12/09/confirman-presencia-de-zorro-chilote-en-mariquina-tras-nuevos-registros-obtenidos-por-camaras-trampa/;1;1;1;1;Sí
167;167 - Lycalopex fulvipes;Lycalopex fulvipes;Zorro de Chiloé;Mammalia;EN;Presentan en Chiloé el plan oficial para recuperar al zorro chilote;Periódico El Insular;https://elinsular.cl/2025/12/08/presentan-en-chiloe-el-plan-oficial-para-recuperar-al-zorro-chilote/;0;1;1;1;Sí
167;167 - Lycalopex fulvipes;Lycalopex fulvipes;Zorro de Chiloé;Mammalia;EN;Plan RECOGE para el zorro chilote ya es oficial: Chile activa ruta para evitar su extinción;24horas;https://www.24horas.cl/conciencia-24-7/sostenibilidad/zorro-chilote-plan-recoge;1;1;1;1;Sí
167;167 - Lycalopex fulvipes;Lycalopex fulvipes;Zorro de Chiloé;Mammalia;EN;¡Una especie endémica está protegida!: Plan RECOGE para el zorro chilote ya es oficial;MMA – Ministerio del Medio Ambiente;https://mma.gob.cl/una-especie-endemica-esta-protegida-plan-recoge-para-el-zorro-chilote-ya-es-oficial/;1;1;1;1;Sí
167;167 - Lycalopex fulvipes;Lycalopex fulvipes;Zorro de Chiloé;Mammalia;EN;Oficializan plan para salvar al zorro chilote de la extinción;Cooperativa Ciencia;https://www.cooperativaciencia.cl/medio-ambiente/2025/11/20/oficializan-plan-para-salvar-al-zorro-chilote-de-la-extincion/;1;1;1;1;Sí
167;167 - Lycalopex fulvipes;Lycalopex fulvipes;Zorro de Chiloé;Mammalia;EN;El zorro chilote ya cuenta con protección oficial: Plan RECOGE entra en vigencia para evitar su extinción;Publimetro;https://www.publimetro.cl/noticias/2025/11/20/el-zorro-chilote-ya-cuenta-con-proteccion-oficial-plan-recoge-entra-en-vigencia-para-evitar-su-extincion/;1;1;1;1;Sí
168;168 - Lynceus huentelauquensis;Lynceus huentelauquensis;Camarón almeja de Huentelauquén;Branchiopoda;EN;Sin datos;Sin datos;Sin datos;Sin datos;Sin datos;Sin datos;Sin datos;Sí
169;169 - Mordacia lapicida;Mordacia lapicida;Lamprea de agua dulce;Cephalaspidomorphi;EN;Sin datos;Sin datos;Sin datos;Sin datos;Sin datos;Sin datos;Sin datos;Sí
170;170 - Nematogenys inermis;Nematogenys inermis;Bagre grande;Actinopterygii;EN;Sin datos;Sin datos;Sin datos;Sin datos;Sin datos;Sin datos;Sin datos;Sí
171;171 - Neuquenaphis staryi;Neuquenaphis staryi;"No tiene, se propone ""pulgón del Ruíl""";Insecta;EN;Sin datos;Sin datos;Sin datos;Sin datos;Sin datos;Sin datos;Sin datos;Sí
172;172 - Nycterinus angusticollis;Nycterinus angusticollis;Insecto joya;Insecta;EN;Sin datos;Sin datos;Sin datos;Sin datos;Sin datos;Sin datos;Sin datos;Sí
173;173 - Nycterinus borealis;Nycterinus borealis;Cucaracho negro;Insecta;EN;Sin datos;Sin datos;Sin datos;Sin datos;Sin datos;Sin datos;Sin datos;Sí
174;174 - Nycterinus mannerheimi;Nycterinus mannerheimi;Tenebrio de Mannerheim, teatino de Mannerheim;Insecta;EN;Sin datos;Sin datos;Sin datos;Sin datos;Sin datos;Sin datos;Sin datos;Sí
175;175 - Oogenius castilloi;Oogenius castilloi;;Insecta;EN;Sin datos;Sin datos;Sin datos;Sin datos;Sin datos;Sin datos;Sin datos;Sí
176;176 - Oogenius penai;Oogenius penai;;Insecta;EN;Sin datos;Sin datos;Sin datos;Sin datos;Sin datos;Sin datos;Sin datos;Sí
177;177 - Orestias ascotanensis;Orestias ascotanensis;Karachi, orestias;Actinopterygii;EN;Sin datos;Sin datos;Sin datos;Sin datos;Sin datos;Sin datos;Sin datos;Sí
178;178 - Orestias chungarensis;Orestias chungarensis;Karachi, orestias;Actinopterygii;EN;Sin datos;Sin datos;Sin datos;Sin datos;Sin datos;Sin datos;Sin datos;Sí
179;179 - Orestias laucaensis;Orestias laucaensis;Karachi, orestias;Actinopterygii;EN;Sin datos;Sin datos;Sin datos;Sin datos;Sin datos;Sin datos;Sin datos;Sí
180;180 - Orestias parinacotensis;Orestias parinacotensis;Karachi, orestias;Actinopterygii;EN;Sin datos;Sin datos;Sin datos;Sin datos;Sin datos;Sin datos;Sin datos;Sí
181;181 - Paropisthopatus umbrinus;Paropisthopatus umbrinus;Gusano aterciopelado, onicóforo (genérico);Udeonycophora;EN;Sin datos;Sin datos;Sin datos;Sin datos;Sin datos;Sin datos;Sin datos;Sí
182;182 - Percilia gillissi;Percilia gillissi;Carmelita;Actinopterygii;EN;Sin datos;Sin datos;Sin datos;Sin datos;Sin datos;Sin datos;Sin datos;Sí
183;183 - Percilia irwini;Percilia irwini;Carmelita de Concepción;Actinopterygii;EN;Sin datos;Sin datos;Sin datos;Sin datos;Sin datos;Sin datos;Sin datos;Sí
184;184 - Phyllopetalia altarensis;Phyllopetalia altarensis;;Insecta;EN;Sin datos;Sin datos;Sin datos;Sin datos;Sin datos;Sin datos;Sin datos;Sí
185;185 - Phymaturus bibronii;Phymaturus bibronii;Matuasto de Bibron;Reptilia;EN;Sin datos;Sin datos;Sin datos;Sin datos;Sin datos;Sin datos;Sin datos;Sí
186;186 - Phymaturus darwini;Phymaturus darwini;Matuasto de Darwin, lagarto de cola gruesa;Reptilia;EN;Sin datos;Sin datos;Sin datos;Sin datos;Sin datos;Sin datos;Sin datos;Sí
187;187 - Phymaturus maulense;Phymaturus maulense;Matuasto;Reptilia;EN;Sin datos;Sin datos;Sin datos;Sin datos;Sin datos;Sin datos;Sin datos;Sí
188;188 - Plectostylus araucanus;Plectostylus araucanus;Caracol de árbol araucano, caracol de árbol;Gastropoda;EN;Sin datos;Sin datos;Sin datos;Sin datos;Sin datos;Sin datos;Sin datos;Sí
189;189 - Praocis aenea;Praocis aenea;Vaquita;Insecta;EN;Sin datos;Sin datos;Sin datos;Sin datos;Sin datos;Sin datos;Sin datos;Sí
190;190 - Praocis bicentenario;Praocis bicentenario;Vaquita del bicentenario;Insecta;EN;Sin datos;Sin datos;Sin datos;Sin datos;Sin datos;Sin datos;Sin datos;Sí
191;191 - Pristidactylus valeriae;Pristidactylus valeriae;Gruñidor de Valeria;Reptilia;EN;"Estudio advierte las amenazas que enfrenta el ""gruñidor de Valeria"", reptil endémico de Chile";Cooperativa Ciencia;1;1;1;1;1;Sí
191;191 - Pristidactylus valeriae;Pristidactylus valeriae;Gruñidor de Valeria;Reptilia;EN;Pristidactylus en peligro: investigación UOH alerta riesgos críticos sobre el “gruñidor de Valeria” y su microhábitat;Universidad de O'Higgins;1;1;1;1;1;Sí
191;191 - Pristidactylus valeriae;Pristidactylus valeriae;Gruñidor de Valeria;Reptilia;EN;Pingüino de Humboldt, lagarto gruñidor y plantas endémicas de Juan Fernández aumentan riesgo de extinción;The Clinic;1;1;1;0;1;Sí
192;192 - Pristidactylus volcanensis;Pristidactylus volcanensis;Gruñidor de El Volcán;Reptilia;EN;Sin datos;Sin datos;Sin datos;Sin datos;Sin datos;Sin datos;Sin datos;Sí
193;193 - Pterodroma externa;Pterodroma externa;Fardela blanca de Juan Fernández, petrel de Juan Fernández;Aves;EN;Sin datos;Sin datos;Sin datos;Sin datos;Sin datos;Sin datos;Sin datos;Sí
194;194 - Pterodroma longirostris;Pterodroma longirostris;Fardela de Más Afuera;Aves;EN;Sin datos;Sin datos;Sin datos;Sin datos;Sin datos;Sin datos;Sin datos;Sí
195;195 - Ptychodon oculta;Ptychodon oculta;Caracol terrestre Ptychodon;Gastropoda;EN;Sin datos;Sin datos;Sin datos;Sin datos;Sin datos;Sin datos;Sin datos;Sí
196;196 - Ptychodon skottsberg;Ptychodon skottsberg;Caracol terrestre Ptychodon;Gastropoda;EN;Sin datos;Sin datos;Sin datos;Sin datos;Sin datos;Sin datos;Sin datos;Sí
197;197 - Scotobius planicosta;Scotobius planicosta;;Insecta;EN;Sin datos;Sin datos;Sin datos;Sin datos;Sin datos;Sin datos;Sin datos;Sí
198;198 - Succinea fragilis;Succinea fragilis;Caracol terrestre Succinea;Gastropoda;EN;Sin datos;Sin datos;Sin datos;Sin datos;Sin datos;Sin datos;Sin datos;Sí
199;199 - Succinea mamillata;Succinea mamillata;Caracol terrestre Succinea;Gastropoda;EN;Sin datos;Sin datos;Sin datos;Sin datos;Sin datos;Sin datos;Sin datos;Sí
200;200 - Succinea pinguis;Succinea pinguis;Caracol terrestre Succinea;Gastropoda;EN;Sin datos;Sin datos;Sin datos;Sin datos;Sin datos;Sin datos;Sin datos;Sí
201;201 - Telmatobius pefauri;Telmatobius pefauri;Sapo de Pefaur;Amphibia;EN-RARA;Sin datos;Sin datos;Sin datos;Sin datos;Sin datos;Sin datos;Sin datos;Sí
202;202 - Telmatobius philippii;Telmatobius philippii;Sapo de Philippi;Amphibia;EN;Sin datos;Sin datos;Sin datos;Sin datos;Sin datos;Sin datos;Sin datos;Sí
203;203 - Telmatobius zapahuirensis;Telmatobius zapahuirensis;Sapo de Zapahuira;Amphibia;EN-RARA;Sin datos;Sin datos;Sin datos;Sin datos;Sin datos;Sin datos;Sin datos;Sí
204;204 - Telmatobufo ignotus;Telmatobufo ignotus;Rana montana de Los Queules;Amphibia;EN;Sin datos;Sin datos;Sin datos;Sin datos;Sin datos;Sin datos;Sin datos;Sí
205;205 - Telmatobufo venustus;Telmatobufo venustus;Sapo hermoso;Amphibia;EN;El sapo más lindo de todos está en Chile;Radio Carolina;https://www.carolina.cl/noticias/2026/02/02/el-sapo-mas-lindo-de-todos-esta-en-chile.html;1;1;1;1;Sí
206;206 - Tornatellina minuta;Tornatellina minuta;Caracol terrestre Tornatellina;Gastropoda;EN;Sin datos;Sin datos;Sin datos;Sin datos;Sin datos;Sin datos;Sin datos;Sí
207;207 - Trichomycterus chiltoni;Trichomycterus chiltoni;Bagrecito;Actinopterygii;EN-RARA;"Registran la presencia de bagrecitos en el río Mapocho en Santiago: ""El río está sano, cumpliendo sus ciclos""";Megatiempo;https://www.megatiempo.cl/noticias/10830-rio-mapocho-en-santiago-bagrecitos-1ab.html;1;1;1;1;Sí
207;207 - Trichomycterus chiltoni;Trichomycterus chiltoni;Bagrecito;Actinopterygii;EN-RARA;El Mapocho tiene vida: captan colonia de bagrecitos;Radio Carolina;https://www.carolina.cl/noticias/2026/03/10/el-mapocho-tiene-vida-captan-colonia-de-bagrecitos.html;1;1;1;1;Sí
207;207 - Trichomycterus chiltoni;Trichomycterus chiltoni;Bagrecito;Actinopterygii;EN-RARA;'Es un reflejo de que el río está limpio y sano': Captan colonia de 'bagrecitos' nadando en lecho del Río Mapocho;Meganoticias;https://www.meganoticias.cl/nacional/516619-captan-colonia-de-peces-bagrecitos-nadando-en-lecho-del-rio-mapocho-10-3-2026.html;1;1;1;1;Sí
207;207 - Trichomycterus chiltoni;Trichomycterus chiltoni;Bagrecito;Actinopterygii;EN-RARA;¡Buenas noticias! El río Mapocho tiene vida y el pez bagrecito lo confirma;Austerra Society;https://austerra.org/articulos/buenas-noticias-el-rio-mapocho-tiene-vida-y-el-pez-bagrecito-lo-confirma;1;1;1;1;Sí
207;207 - Trichomycterus chiltoni;Trichomycterus chiltoni;Bagrecito;Actinopterygii;EN-RARA;Con retorno de especies nativas y del pez bagrecito: autoridades celebran recuperación del río Mapocho tras 15 años de saneamiento;La Tercera;https://www.latercera.com/nacional/noticia/con-retorno-de-especies-nativas-y-del-pez-bagrecito-autoridades-conmemoran-15-anos-del-saneamiento-total-del-rio-mapocho/;1;1;0;1;Sí
208;208 - Trichomycterus chungaraensis;Trichomycterus chungaraensis;Bagrecito;Actinopterygii;EN-RARA;Sin datos;Sin datos;Sin datos;Sin datos;Sin datos;Sin datos;Sin datos;Sí
209;209 - Trichomycterus laucaensis;Trichomycterus laucaensis;Bagrecito;Actinopterygii;EN;Sin datos;Sin datos;Sin datos;Sin datos;Sin datos;Sin datos;Sin datos;Sí
210;210 - Trichomycterus rivulatus;Trichomycterus rivulatus;Bagrecito;Actinopterygii;EN-RARA;Sin datos;Sin datos;Sin datos;Sin datos;Sin datos;Sin datos;Sin datos;Sí
211;211 - Uretacris lilai;Uretacris lilai;Langosta de Ureta, langosta de Lila, langosta de La Chimba;Insecta;EN;Sin datos;Sin datos;Sin datos;Sin datos;Sin datos;Sin datos;Sin datos;Sí
212;212 - Valdiviomyia gigantea;Valdiviomyia gigantea;Mosca florícola valdiviana gigante;Insecta;EN;Sin datos;Sin datos;Sin datos;Sin datos;Sin datos;Sin datos;Sin datos;Sí
213;213 - Virilastacus rucapihuelensis;Virilastacus rucapihuelensis;Camarón;Malacostraca;EN;Impulsan conservación del camarón del sur en el río Maullín;Diario de Osorno;https://www.diariodeosorno.cl/noticia/diario-sostenible/2026/01/impulsan-conservacion-del-camaron-del-sur-en-el-rio-maullin;1;1;1;1;Sí
214;214 - Hippocamelus bisulcus;Hippocamelus bisulcus;huemul, taruca, wümul, güemul, shoan, shoen, trula, hueque, ciervo sur andino;Mammalia;EN;1000 genomas: el proyecto que busca construir el inventario más completo de la biodiversidad de Chile;Pontificia Universidad Católica de Chile;https://biologia.uc.cl/1000-genomas-el-proyecto-que-busca-construir-el-inventario-mas-completo-de-la-biodiversidad-de-chile/;1;1;0;0;No
214;214 - Hippocamelus bisulcus;Hippocamelus bisulcus;huemul, taruca, wümul, güemul, shoan, shoen, trula, hueque, ciervo sur andino;Mammalia;EN;Chile levanta el mayor registro genético de su biodiversidad;EL PAÍS;https://elpais.com/chile/2025-10-20/chile-levanta-el-mayor-registro-genetico-de-su-biodiversidad.html;0;1;0;0;No
214;214 - Hippocamelus bisulcus;Hippocamelus bisulcus;huemul, taruca, wümul, güemul, shoan, shoen, trula, hueque, ciervo sur andino;Mammalia;EN;El pingüino de Humboldt es declarado Monumento Natural de Chile;ELPINGUINO.COM;https://www.elpinguino.com/noticia/2026/02/16/el-pinguino-de-humboldt-es-declarado-monumento-natural-de-chile;1;1;0;0;No
214;214 - Hippocamelus bisulcus;Hippocamelus bisulcus;huemul, taruca, wümul, güemul, shoan, shoen, trula, hueque, ciervo sur andino;Mammalia;EN;Dispersión forzada y ausencia de planificación metapoblacional en la conservación del huemul;Universidad Austral de Chile;https://diario.uach.cl/dispersion-forzada-y-ausencia-de-planificacion-metapoblacional-en-la-conservacion-del-huemul/;1;1;1;1;No
214;214 - Hippocamelus bisulcus;Hippocamelus bisulcus;huemul, taruca, wümul, güemul, shoan, shoen, trula, hueque, ciervo sur andino;Mammalia;EN;Senda del Huemul 2026 refuerza compromiso por la conservación en Parque Cerro Castillo;Diario Sostenible;https://www.diariosostenible.cl/noticia/actualidad/2026/03/senda-del-huemul-2026-refuerza-compromiso-por-la-conservacion-en-parque-cerro-castillo;1;1;1;1;No
214;214 - Hippocamelus bisulcus;Hippocamelus bisulcus;huemul, taruca, wümul, güemul, shoan, shoen, trula, hueque, ciervo sur andino;Mammalia;EN;Inaugura primer centro de rescate del huemul del sur para proteger al ciervo más austral del mundo;El Mostrador;https://www.elmostrador.cl/agenda-pais/agenda-sustentable/2025/10/27/inaugura-primer-centro-de-rescate-del-huemul-del-sur-para-proteger-al-ciervo-mas-austral-del-mundo/;1;1;1;1;No
214;214 - Hippocamelus bisulcus;Hippocamelus bisulcus;huemul, taruca, wümul, güemul, shoan, shoen, trula, hueque, ciervo sur andino;Mammalia;EN;Senda del Huemul 2026 refuerza compromiso por la conservación en Parque Cerro Castillo;Diario Regional Aysén;https://www.diarioregionalaysen.cl/noticia/diario-sostenible/2026/03/senda-del-huemul-2026-refuerza-compromiso-por-la-conservacion-en-parque-cerro-castillo;1;1;1;1;No
214;214 - Hippocamelus bisulcus;Hippocamelus bisulcus;huemul, taruca, wümul, güemul, shoan, shoen, trula, hueque, ciervo sur andino;Mammalia;EN;Desarrollo productivo y protección del huemul marcan cierre de programas FIC en la Reserva de la Biósfera;La Discusión;https://ladiscusion.cl/desarrollo-productivo-y-proteccion-del-huemul-marcan-cierre-de-programas-fic-en-la-reserva-de-la-biosfera/;1;1;1;1;No
215;215 - Rhinoderma darwinii;Rhinoderma darwinii;ranita de Darwin;Amphibia;EN;Revelan cómo el hongo quítrido se propaga y empuja a la ranita de Darwin a la extinción en Chile;El Mostrador;https://www.elmostrador.cl/agenda-pais/agenda-sustentable/2026/01/09/revelan-como-el-hongo-quitrido-se-propaga-y-empuja-a-la-ranita-de-darwin-a-la-extincion-en-chile/;1;1;1;1;No
215;215 - Rhinoderma darwinii;Rhinoderma darwinii;ranita de Darwin;Amphibia;EN;Contra ranita de Darwin, pingüino de Humboldt y áreas protegidas: Kast defiende retiro de 43 decretos medioambientales;Interferencia |;https://interferencia.cl/articulos/contra-ranita-de-darwin-pinguino-de-humboldt-y-areas-protegidas-kast-defiende-retiro-de-43;0;1;1;1;No
215;215 - Rhinoderma darwinii;Rhinoderma darwinii;ranita de Darwin;Amphibia;EN;Revelan cómo el hongo quítrido se propaga y empuja a la ranita de Darwin a la extinción en Chile;El Mostrador;https://www.elmostrador.cl/agenda-pais/agenda-sustentable/2026/01/09/revelan-como-el-hongo-quitrido-se-propaga-y-empuja-a-la-ranita-de-darwin-a-la-extincion-en-chile/;0;1;1;1;No
215;215 - Rhinoderma darwinii;Rhinoderma darwinii;ranita de Darwin;Amphibia;EN;"Oceana: Los pingüinos de Humboldt ""están en peligro"", no tienen el mismo tiempo que los gobiernos";Universidad de Chile;https://radio.uchile.cl/2026/03/19/oceana-los-pinguinos-de-humboldt-estan-en-peligro-no-tienen-el-mismo-tiempo-que-los-gobiernos/;1;1;1;0;No
215;215 - Rhinoderma darwinii;Rhinoderma darwinii;ranita de Darwin;Amphibia;EN;Retiran decreto que protegía al pingüino de Humboldt;El Ovallino;https://www.elovallino.cl/retiran-decreto-que-protegia-al-pinguino-de-humboldt/;0;1;1;0;No
215;215 - Rhinoderma darwinii;Rhinoderma darwinii;ranita de Darwin;Amphibia;EN;¿Sin protección?: Ranita de Darwin y Pingüino de Humboldt, las dos especies icónicas de Chile en medio del debate ambiental;Publimetro;https://www.publimetro.cl/noticias/2026/03/17/sin-proteccion-ranita-de-darwin-y-pinguino-de-humboldt-las-dos-especies-iconicas-de-chile-en-medio-del-debate-ambiental/;1;1;1;0;No
215;215 - Rhinoderma darwinii;Rhinoderma darwinii;ranita de Darwin;Amphibia;EN;Protección del pingüino de Humboldt y descontaminación del lago Villarrica: las razones del Ejecutivo para retirar 43 decretos ambientales;El Dínamo;https://www.eldinamo.cl/sociedad/medio-ambiente/2026/03/17/proteccion-del-pinguino-de-humboldt-y-descontaminacion-del-lago-villarrica-las-razones-del-ejecutivo-para-retirar-43-decretos-ambientales/;1;1;1;0;No
215;215 - Rhinoderma darwinii;Rhinoderma darwinii;ranita de Darwin;Amphibia;EN;Gobierno retira más de 40 decretos ambientales que creaban parques nacionales y otorgaban protección a la ranita de Darwin y el pingüino de Humboldt;The Clinic;https://www.theclinic.cl/2026/03/17/gobierno-retira-mas-de-40-decretos-ambientales-que-creaban-parques-nacionales-y-otorgaban-proteccion-a-la-ranita-de-darwin-y-el-pinguino-de-humboldt/;1;1;1;0;No
215;215 - Rhinoderma darwinii;Rhinoderma darwinii;ranita de Darwin;Amphibia;EN;Pingüino de Humboldt y ranita de Darwin: Revisa el estado actual de los 43 decretos ambientales retirados por Kast;El Desconcierto;https://eldesconcierto.cl/2026/03/20/pinguino-de-humboldt-y-ranita-de-darwin-revisa-el-estado-actual-de-los-43-decretos-ambientales-retirados-por-kast;1;1;1;0;No
215;215 - Rhinoderma darwinii;Rhinoderma darwinii;ranita de Darwin;Amphibia;EN;Debate ambiental en Chile: Ranita de Darwin y Pingüino de Humboldt en riesgo;Radio Canal 95;https://www.canal95.cl/nacional/debate-ambiental-chile-ranita-darwin-pinguino-humboldt-riesgo;1;1;1;0;No
215;215 - Rhinoderma darwinii;Rhinoderma darwinii;ranita de Darwin;Amphibia;EN;Gobierno retira más de 40 decretos ambientales: Entre ellos la protección a Ranita de Darwin y Pingüino de Humboldt;Meganoticias;https://www.meganoticias.cl/nacional/517253-gobierno-retira-mas-de-40-decretos-ambientales-proteccion-ranita-de-darwin-pinguino-de-humboldt-17-3-2026.html;1;1;1;0;No
215;215 - Rhinoderma darwinii;Rhinoderma darwinii;ranita de Darwin;Amphibia;EN;“Desde hoy en adelante no usaré desodorante, sólo Tanax”: insecticida se vuelve viral por crítica a retiro de decreto que protegía a Pingüino de Humboldt y Ranita de Darwin;Publimetro;https://www.publimetro.cl/social/2026/03/18/desde-hoy-en-adelante-no-usare-desodorante-solo-tanax-insecticida-se-vuelve-viral-por-critica-a-retiro-de-decreto-que-protegia-a-pinguino-de-humboldt-y-ranita-de-darwin/;1;1;1;0;No
215;215 - Rhinoderma darwinii;Rhinoderma darwinii;ranita de Darwin;Amphibia;EN;La ranita descubierta por Charles Darwin en Chile busca salvarse de la extinción;EL PAÍS;https://elpais.com/chile/2026-02-23/la-ranita-descubierta-por-charles-darwin-en-chile-busca-salvarse-de-la-extincion.html;1;1;1;1;No
215;215 - Rhinoderma darwinii;Rhinoderma darwinii;ranita de Darwin;Amphibia;EN;Hongo letal amenaza la supervivencia de la ranita de Darwin;Noticias UNAB;https://noticias.unab.cl/investigacion-con-sello-unab-revela-como-un-hongo-letal-amenaza-la-supervivencia-de-la-ranita-de-darwin/;0;1;1;1;No
215;215 - Rhinoderma darwinii;Rhinoderma darwinii;ranita de Darwin;Amphibia;EN;Ranita de Darwin: La increíble historia de su viaje a Londres para salvarlas de la extinción;Cooperativa Ciencia;https://www.cooperativaciencia.cl/radiociencia/2026/03/20/ranita-de-darwin-la-increible-historia-de-su-viaje-a-londres-para-salvarlas-de-una-epidemia-en-2024/;1;1;1;0;No
215;215 - Rhinoderma darwinii;Rhinoderma darwinii;ranita de Darwin;Amphibia;EN;Dilucidan cómo una enfermedad está extinguiendo a la ranita de Darwin: ya mató a su especie hermana;BioBioChile;https://www.biobiochile.cl/noticias/ciencia-y-tecnologia/ciencia/2026/01/08/dilucidan-como-una-enfermedad-esta-extinguiendo-a-la-ranita-de-darwin-ya-mato-a-su-especie-hermana.shtml;0;1;1;1;No
215;215 - Rhinoderma darwinii;Rhinoderma darwinii;ranita de Darwin;Amphibia;EN;Descubren nueva población de ranita de Darwin en zona amenazada por construcción de carretera eléctrica en Chiloé;El Desconcierto;https://eldesconcierto.cl/2026/02/21/descubren-nueva-poblacion-de-ranita-de-darwin-en-zona-amenazada-por-construccion-de-carretera-electrica-en-chiloe;0;1;1;1;No
215;215 - Rhinoderma darwinii;Rhinoderma darwinii;ranita de Darwin;Amphibia;EN;Científico chileno lidera estudio clave sobre la extinción de la ranita de Darwin;24horas;https://www.24horas.cl/conciencia-24-7/ciencia/cientifico-chileno-estudio-extincion-ranita-darwin;0;1;1;1;No
215;215 - Rhinoderma darwinii;Rhinoderma darwinii;ranita de Darwin;Amphibia;EN;Alianza internacional en Huilo Huilo busca proteger a la Ranita de Darwin de hongo letal;Cooperativa.cl;https://www.cooperativa.cl/noticias/sociedad/fauna/alianza-internacional-en-huilo-huilo-busca-proteger-a-la-ranita-de/2026-02-06/124716.html;0;1;1;1;No
215;215 - Rhinoderma darwinii;Rhinoderma darwinii;ranita de Darwin;Amphibia;EN;Guardabosques chilenos y Zoólogico de Londres buscan salvar a la ranita de Darwin de la extinción;ADN Radio;https://www.adnradio.cl/2026/02/23/guardabosques-chilenos-y-zoologico-de-londres-buscan-salvar-a-la-ranita-de-darwin-de-la-extincion/;1;1;1;1;No
215;215 - Rhinoderma darwinii;Rhinoderma darwinii;ranita de Darwin;Amphibia;EN;Científico chileno lidera estudio que revela cómo un hongo letal está extinguiendo a la ranita de Darwin;Cooperativa Ciencia;https://www.cooperativaciencia.cl/medio-ambiente/2026/01/02/cientifico-chileno-lidera-estudio-que-revela-como-un-hongo-letal-esta-extinguiendo-a-la-ranita-de-darwin/;1;1;1;1;No
215;215 - Rhinoderma darwinii;Rhinoderma darwinii;ranita de Darwin;Amphibia;EN;Investigación chilena descubre cómo un hongo invasivo provoca epidemias letales en anfibios terrestres;BioBioChile;https://www.biobiochile.cl/noticias/ciencia-y-tecnologia/ciencia/2026/01/26/investigacion-chilena-descubre-como-un-hongo-invasivo-provoca-epidemias-letales-en-anfibios-terrestres.shtml;0;1;1;1;No
215;215 - Rhinoderma darwinii;Rhinoderma darwinii;ranita de Darwin;Amphibia;EN;Alianza en la Reserva Biológica Huilo Huilo busca proteger a la ranita de Darwin de la extinción;Cooperativa Ciencia;https://www.cooperativaciencia.cl/medio-ambiente/2026/02/05/alianza-en-la-reserva-biologica-huilo-huilo-busca-proteger-a-la-ranita-de-darwin-de-la-extincion/;1;1;1;1;No
215;215 - Rhinoderma darwinii;Rhinoderma darwinii;ranita de Darwin;Amphibia;EN;Descubren nueva población de Ranita de Darwin en Villarrica;Cooperativa Ciencia;https://www.cooperativaciencia.cl/medio-ambiente/2025/09/25/descubren-nueva-poblacion-de-ranita-de-darwin-en-villarrica/;1;1;1;1;No
216;216 - Spheniscus humboldti;Spheniscus humboldti;pingüino de Humboldt, pingüino, pájaro niño, patranka, Humboldt Penguin (inglés), Peruvian penguin (inglés);Aves;EN;Chile: Gobierno frena protección del pingüino de Humboldt;dw.com;https://www.dw.com/es/chile-nuevo-gobierno-frena-protecci%C3%B3n-del-ping%C3%BCino-de-humboldt/a-76420241;0;1;1;1;No
216;216 - Spheniscus humboldti;Spheniscus humboldti;pingüino de Humboldt, pingüino, pájaro niño, patranka, Humboldt Penguin (inglés), Peruvian penguin (inglés);Aves;EN;Ministra Rojas expone dramático estado del pingüino de Humboldt, lagarto gruñidor y otras 70 especies;El Desconcierto;https://eldesconcierto.cl/2025/10/18/ministra-rojas-expone-dramatico-estado-del-pinguino-de-humboldt-lagarto-grunidor-y-otras-70-especies;0;1;1;1;No
216;216 - Spheniscus humboldti;Spheniscus humboldti;pingüino de Humboldt, pingüino, pájaro niño, patranka, Humboldt Penguin (inglés), Peruvian penguin (inglés);Aves;EN;Pingüino de Humboldt y lagarto gruñidor en peligro;Diario Sustentable;https://www.diariosustentable.com/2025/10/pinguino-de-humboldt-lagarto-grunidor-y-plantas-endemicas-de-juan-fernandez-aumentan-su-riesgo-de-extincion-en-chile/;0;1;1;1;No
216;216 - Spheniscus humboldti;Spheniscus humboldti;pingüino de Humboldt, pingüino, pájaro niño, patranka, Humboldt Penguin (inglés), Peruvian penguin (inglés);Aves;EN;Especies en riesgo: pingüino de Humboldt, lagarto de Álvaro y plantas de Juan Fernández en alerta;El Mostrador;https://www.elmostrador.cl/agenda-pais/agenda-sustentable/2025/10/28/especies-en-riesgo-pinguino-de-humboldt-lagarto-de-alvaro-y-plantas-de-juan-fernandez-en-alerta/;0;1;1;1;No
216;216 - Spheniscus humboldti;Spheniscus humboldti;pingüino de Humboldt, pingüino, pájaro niño, patranka, Humboldt Penguin (inglés), Peruvian penguin (inglés);Aves;EN;Consejo de Ministros declara al pingüino de Humboldt como Monumento Natural para aumentar su protección;MMA – Ministerio del Medio Ambiente;https://mma.gob.cl/consejo-de-ministros-declara-al-pinguino-de-humboldt-como-monumento-natural-para-aumentar-su-proteccion/;1;1;1;1;No
216;216 - Spheniscus humboldti;Spheniscus humboldti;pingüino de Humboldt, pingüino, pájaro niño, patranka, Humboldt Penguin (inglés), Peruvian penguin (inglés);Aves;EN;Bucea como un profesional, pero tiene el corazón frágil: los 4 datos sobre el pingüino de Humboldt;nationalgeographicla.com;https://www.nationalgeographicla.com/animales/2026/01/bucea-como-un-profesional-pero-tiene-el-corazon-fragil-los-4-datos-sobre-el-pinguino-de-humboldt;1;1;1;1;No
216;216 - Spheniscus humboldti;Spheniscus humboldti;pingüino de Humboldt, pingüino, pájaro niño, patranka, Humboldt Penguin (inglés), Peruvian penguin (inglés);Aves;EN;Pingüino de Humboldt en peligro de extinción: el 80% de la población mundial de esta especie habita en Chile.;greenpeace.org;https://www.greenpeace.org/chile/noticia/issues/oceanos/pinguino-de-humboldt-en-peligro-de-extincion-el-80-de-la-poblacion-mundial-de-esta-especie-habita-en-chile/;0;1;1;1;No
216;216 - Spheniscus humboldti;Spheniscus humboldti;pingüino de Humboldt, pingüino, pájaro niño, patranka, Humboldt Penguin (inglés), Peruvian penguin (inglés);Aves;EN;Chile inicia proceso para declarar Monumento Natural al pingüino de Humboldt;ELPINGUINO.COM;https://elpinguino.com/noticia/2026/01/23/chile-inicia-proceso-para-declarar-monumento-natural-al-pinguino-de-humboldt;1;1;1;1;No
216;216 - Spheniscus humboldti;Spheniscus humboldti;pingüino de Humboldt, pingüino, pájaro niño, patranka, Humboldt Penguin (inglés), Peruvian penguin (inglés);Aves;EN;Reactivan permiso ambiental de Dominga mientras crece incertidumbre por protección del pingüino de Humboldt;Ladera Sur;https://laderasur.com/articulo/reactivan-permiso-ambiental-de-dominga-mientras-crece-incertidumbre-por-proteccion-del-pinguino-de-humboldt/;1;1;1;1;No
216;216 - Spheniscus humboldti;Spheniscus humboldti;pingüino de Humboldt, pingüino, pájaro niño, patranka, Humboldt Penguin (inglés), Peruvian penguin (inglés);Aves;EN;Declaran al pingüino de Humboldt como Monumento Natural de especie en todo Chile;Universidad de Chile;https://radio.uchile.cl/2026/02/14/declaran-al-pinguino-de-humboldt-como-monumento-natural-de-especie-en-todo-chile/;1;1;1;1;No
216;216 - Spheniscus humboldti;Spheniscus humboldti;pingüino de Humboldt, pingüino, pájaro niño, patranka, Humboldt Penguin (inglés), Peruvian penguin (inglés);Aves;EN;Pingüino de Humboldt ya es Monumento Natural en Chile;Identidad y Futuro;https://identidadyfuturo.cl/2026/03/12/pinguino-de-humboldt-monumento-natural-chile/;1;1;1;1;No
216;216 - Spheniscus humboldti;Spheniscus humboldti;pingüino de Humboldt, pingüino, pájaro niño, patranka, Humboldt Penguin (inglés), Peruvian penguin (inglés);Aves;EN;Especialistas UdeC analizan impacto ambiental que pone en riesgo al pingüino de Humboldt;Noticias UdeC;https://noticias.udec.cl/especialistas-udec-analizan-impacto-ambiental-que-pone-en-riesgo-al-pinguino-de-humboldt/;1;1;1;1;No
216;216 - Spheniscus humboldti;Spheniscus humboldti;pingüino de Humboldt, pingüino, pájaro niño, patranka, Humboldt Penguin (inglés), Peruvian penguin (inglés);Aves;EN;Uno de los últimos refugios del Pingüino de Humboldt que debes visitar el 2026;Chile Travel;https://chile.travel/blog/uno-de-los-ultimos-refugios-del-pinguino-de-humboldt-que-debes-visitar-el-2026/;0;1;1;1;No
216;216 - Spheniscus humboldti;Spheniscus humboldti;pingüino de Humboldt, pingüino, pájaro niño, patranka, Humboldt Penguin (inglés), Peruvian penguin (inglés);Aves;EN;Contra ranita de Darwin, pingüino de Humboldt y áreas protegidas: Kast defiende retiro de 43 decretos medioambientales;Interferencia |;https://interferencia.cl/articulos/contra-ranita-de-darwin-pinguino-de-humboldt-y-areas-protegidas-kast-defiende-retiro-de-43;0;1;1;1;No
216;216 - Spheniscus humboldti;Spheniscus humboldti;pingüino de Humboldt, pingüino, pájaro niño, patranka, Humboldt Penguin (inglés), Peruvian penguin (inglés);Aves;EN;El pingüino de Humboldt es declarado Monumento Natural de Chile;ELPINGUINO.COM;https://www.elpinguino.com/noticia/2026/02/16/el-pinguino-de-humboldt-es-declarado-monumento-natural-de-chile;1;1;1;1;No
216;216 - Spheniscus humboldti;Spheniscus humboldti;pingüino de Humboldt, pingüino, pájaro niño, patranka, Humboldt Penguin (inglés), Peruvian penguin (inglés);Aves;EN;"Oceana: Los pingüinos de Humboldt ""están en peligro"", no tienen el mismo tiempo que los gobiernos";Universidad de Chile;https://radio.uchile.cl/2026/03/19/oceana-los-pinguinos-de-humboldt-estan-en-peligro-no-tienen-el-mismo-tiempo-que-los-gobiernos/;0;1;1;1;No
216;216 - Spheniscus humboldti;Spheniscus humboldti;pingüino de Humboldt, pingüino, pájaro niño, patranka, Humboldt Penguin (inglés), Peruvian penguin (inglés);Aves;EN;"Experto advierte qué pasaría si se extingue el pingüino de Humboldt: ""Sería un tremendo impacto""";BioBioChile;https://www.biobiochile.cl/noticias/ciencia-y-tecnologia/medio-ambiente-cyt/2026/03/18/experto-advierte-que-pasaria-si-se-extingue-el-pinguino-de-humboldt-seria-un-tremendo-impacto.shtml;1;1;1;1;No
216;216 - Spheniscus humboldti;Spheniscus humboldti;pingüino de Humboldt, pingüino, pájaro niño, patranka, Humboldt Penguin (inglés), Peruvian penguin (inglés);Aves;EN;Pingüino de Humboldt pasa a “en peligro” en Chile y alerta a especialistas;ELPINGUINO.COM;https://elpinguino.com/noticia/2025/10/24/pinguino-de-humboldt-pasa-a-en-peligro-en-chile-y-alerta-a-especialistas;1;1;1;1;No
216;216 - Spheniscus humboldti;Spheniscus humboldti;pingüino de Humboldt, pingüino, pájaro niño, patranka, Humboldt Penguin (inglés), Peruvian penguin (inglés);Aves;EN;¡Últimos días! El pingüino de Humboldt necesita tu ayuda: Así puedes apoyar su declaratoria como Monumento Natural de Chile;Ladera Sur;https://laderasur.com/articulo/ultimos-dias-el-pinguino-de-humboldt-necesita-tu-ayuda-asi-puedes-apoyar-su-declaratoria-como-monumento-natural-de-chile/;1;1;1;1;No
216;216 - Spheniscus humboldti;Spheniscus humboldti;pingüino de Humboldt, pingüino, pájaro niño, patranka, Humboldt Penguin (inglés), Peruvian penguin (inglés);Aves;EN;Declaran al pingüino de Humboldt como Monumento Natural: ¿qué implica esta categoría?;Teletrece;https://www.t13.cl/noticia/nacional/declaran-al-pinguino-humboldt-como-monumento-natural-implica-esta-categoria-15-2-2026;1;1;1;1;No
216;216 - Spheniscus humboldti;Spheniscus humboldti;pingüino de Humboldt, pingüino, pájaro niño, patranka, Humboldt Penguin (inglés), Peruvian penguin (inglés);Aves;EN;"Experto y retiro de decreto que protegía al pingüino de Humboldt: ""argumentos eran bastante sólidos""";BioBioChile;https://www.biobiochile.cl/noticias/ciencia-y-tecnologia/medio-ambiente-cyt/2026/03/17/experto-y-retiro-de-decreto-que-protegia-al-pinguino-de-humboldt-argumentos-eran-bastante-solidos.shtml;1;1;1;1;No
216;216 - Spheniscus humboldti;Spheniscus humboldti;pingüino de Humboldt, pingüino, pájaro niño, patranka, Humboldt Penguin (inglés), Peruvian penguin (inglés);Aves;EN;Pingüino de Humboldt: El llamado a proteger a esta especie en peligro de conservación;Cooperativa Ciencia;https://www.cooperativaciencia.cl/medio-ambiente/2026/01/20/pinguino-de-humboldt-el-llamado-a-proteger-a-esta-especie-en-peligro-de-conservacion/;1;1;1;1;No
216;216 - Spheniscus humboldti;Spheniscus humboldti;pingüino de Humboldt, pingüino, pájaro niño, patranka, Humboldt Penguin (inglés), Peruvian penguin (inglés);Aves;EN;Chile declara al pingüino de Humboldt Monumento Natural y refuerza su protección en todo el país;El Mostrador;https://www.elmostrador.cl/agenda-pais/agenda-sustentable/2026/02/19/chile-declara-al-pinguino-de-humboldt-monumento-natural-y-refuerza-su-proteccion-en-todo-el-pais/;1;1;1;1;No
216;216 - Spheniscus humboldti;Spheniscus humboldti;pingüino de Humboldt, pingüino, pájaro niño, patranka, Humboldt Penguin (inglés), Peruvian penguin (inglés);Aves;EN;Chile declara oficialmente al pingüino de Humboldt en peligro de extinción: ¿se puede recuperar?;BioBioChile;https://www.biobiochile.cl/noticias/ciencia-y-tecnologia/ciencia/2025/10/23/chile-declara-oficialmente-al-pinguino-de-humboldt-en-peligro-de-extincion-se-puede-recuperar.shtml;1;1;1;1;No
216;216 - Spheniscus humboldti;Spheniscus humboldti;pingüino de Humboldt, pingüino, pájaro niño, patranka, Humboldt Penguin (inglés), Peruvian penguin (inglés);Aves;EN;"Registran por primera vez un pingüino de Humboldt albino en Chile: ""Queda más expuesto a depredadores""";BioBioChile;https://www.biobiochile.cl/noticias/ciencia-y-tecnologia/ciencia/2026/01/20/registran-por-primera-vez-un-pinguino-de-humboldt-albino-en-chile-queda-mas-expuesto-a-depredadores.shtml;1;1;1;1;No
216;216 - Spheniscus humboldti;Spheniscus humboldti;pingüino de Humboldt, pingüino, pájaro niño, patranka, Humboldt Penguin (inglés), Peruvian penguin (inglés);Aves;EN;Últimos días para apoyar: el pingüino de Humboldt necesita tu ayuda para ser Monumento Natural de Chile;Teletrece;https://www.t13.cl/noticia/nacional/ultimos-dias-para-apoyar-pinguino-humboldt-necesita-tu-ayuda-para-ser-monumento-29-1-2026;1;1;1;1;No
216;216 - Spheniscus humboldti;Spheniscus humboldti;pingüino de Humboldt, pingüino, pájaro niño, patranka, Humboldt Penguin (inglés), Peruvian penguin (inglés);Aves;EN;Pingüino de Humboldt es declarado Monumento Natural en Chile;Diario Sostenible;https://www.diariosostenible.cl/noticia/premios-y-reconocimientos/2026/02/pinguino-de-humboldt-es-declarado-monumento-natural-en-chile;1;1;1;1;No
216;216 - Spheniscus humboldti;Spheniscus humboldti;pingüino de Humboldt, pingüino, pájaro niño, patranka, Humboldt Penguin (inglés), Peruvian penguin (inglés);Aves;EN;Chile abre consulta ciudadana para declarar Monumento Natural al pingüino de Humboldt: Cómo participar;El Desconcierto;https://eldesconcierto.cl/2026/01/23/chile-abre-consulta-ciudadana-para-declarar-monumento-natural-al-pinguino-de-humboldt-como-participar;1;1;1;1;No
216;216 - Spheniscus humboldti;Spheniscus humboldti;pingüino de Humboldt, pingüino, pájaro niño, patranka, Humboldt Penguin (inglés), Peruvian penguin (inglés);Aves;EN;Pingüino de Humboldt es declarado Monumento Natural en Chile: ¿qué significa?;Canal 13;https://www.13.cl/c/programas/espacio-13c/pinguino-de-humboldt-es-declarado-monumento-natural-en-chile-que-significa;1;1;1;1;No
216;216 - Spheniscus humboldti;Spheniscus humboldti;pingüino de Humboldt, pingüino, pájaro niño, patranka, Humboldt Penguin (inglés), Peruvian penguin (inglés);Aves;EN;Pingüino de Humboldt En Peligro: “La nueva clasificación muestra que debemos tomar acciones para cuidar la corriente de Humboldt”;Ladera Sur;https://laderasur.com/articulo/pinguino-de-humboldt-en-peligro-la-nueva-clasificacion-muestra-que-debemos-tomar-acciones-para-cuidar-la-corriente-de-humboldt/;1;1;1;1;No
216;216 - Spheniscus humboldti;Spheniscus humboldti;pingüino de Humboldt, pingüino, pájaro niño, patranka, Humboldt Penguin (inglés), Peruvian penguin (inglés);Aves;EN;Expertos alertan grave disminución del pingüino de Humboldt en Chile: quedan menos de 20 mil ejemplares;ADN Radio;https://www.adnradio.cl/2025/11/11/expertos-alertan-grave-disminucion-del-pinguino-de-humboldt-en-chile-quedan-menos-de-20-mil-ejemplares/;1;1;1;1;No
216;216 - Spheniscus humboldti;Spheniscus humboldti;pingüino de Humboldt, pingüino, pájaro niño, patranka, Humboldt Penguin (inglés), Peruvian penguin (inglés);Aves;EN;Investigación registró primer hallazgo de pingüino de Humboldt albino en la Región del Biobío;El Mostrador;https://www.elmostrador.cl/cultura/2026/01/22/investigacion-registro-primer-hallazgo-de-pinguino-de-humboldt-albino-en-la-region-del-biobio/;1;1;1;1;No
216;216 - Spheniscus humboldti;Spheniscus humboldti;pingüino de Humboldt, pingüino, pájaro niño, patranka, Humboldt Penguin (inglés), Peruvian penguin (inglés);Aves;EN;Retiran decreto que buscaba declarar Monumento Natural al pingüino de Humboldt;El Mostrador;https://www.elmostrador.cl/agenda-pais/2026/03/17/retiran-decreto-que-buscaba-declarar-monumento-natural-al-pinguino-de-humboldt/;0;1;1;1;No
216;216 - Spheniscus humboldti;Spheniscus humboldti;pingüino de Humboldt, pingüino, pájaro niño, patranka, Humboldt Penguin (inglés), Peruvian penguin (inglés);Aves;EN;Tras retiro de decretos: ¿cuál es la importancia del Pingüino de Humboldt en el equilibrio del océano?;BioBioChile;https://www.biobiochile.cl/noticias/bbcl-explica/bbcl-explica-notas/2026/03/18/tras-retiro-de-decretos-cual-es-la-importancia-del-pinguino-de-humboldt-en-el-equilibrio-del-oceano.shtml;1;1;1;1;No
216;216 - Spheniscus humboldti;Spheniscus humboldti;pingüino de Humboldt, pingüino, pájaro niño, patranka, Humboldt Penguin (inglés), Peruvian penguin (inglés);Aves;EN;El Pingüino de Humboldt: Más que un símbolo, una urgencia de conservación. Por Carlos Flores Olivares. Docente Investigador de Medicina Veterinaria, Universidad del Alba;G5noticias;https://g5noticias.cl/2026/03/09/el-pinguino-de-humboldt-mas-que-un-simbolo-una-urgencia-de-conservacion-por-carlos-flores-olivares-docente-investigador-de-medicina-veterinaria-universidad-del-alba/;1;1;1;0;No
216;216 - Spheniscus humboldti;Spheniscus humboldti;pingüino de Humboldt, pingüino, pájaro niño, patranka, Humboldt Penguin (inglés), Peruvian penguin (inglés);Aves;EN;Pingüino de Humboldt y especies endémicas en Chile aumentan riesgo de extinción;Cooperativa Ciencia;https://www.cooperativaciencia.cl/medio-ambiente/2025/10/20/pinguino-de-humboldt-y-especies-endemicas-en-chile-aumentan-riesgo-de-extincion/;1;1;1;1;No
216;216 - Spheniscus humboldti;Spheniscus humboldti;pingüino de Humboldt, pingüino, pájaro niño, patranka, Humboldt Penguin (inglés), Peruvian penguin (inglés);Aves;EN;Estas son las mejores partes de Chile donde se puede ver al pingüino de Humboldt;elnortero.cl;https://www.elnortero.cl/noticia/sociedad/estas-son-las-mejores-partes-de-chile-donde-se-puede-ver-al-pingueino-de-humboldt;1;1;1;1;No
216;216 - Spheniscus humboldti;Spheniscus humboldti;pingüino de Humboldt, pingüino, pájaro niño, patranka, Humboldt Penguin (inglés), Peruvian penguin (inglés);Aves;EN;Retiran decreto que protegía al pingüino de Humboldt;El Ovallino;https://www.elovallino.cl/retiran-decreto-que-protegia-al-pinguino-de-humboldt/;0;1;1;1;No
216;216 - Spheniscus humboldti;Spheniscus humboldti;pingüino de Humboldt, pingüino, pájaro niño, patranka, Humboldt Penguin (inglés), Peruvian penguin (inglés);Aves;EN;Chile abre consulta ciudadana para declarar al pingüino de Humboldt Monumento Natural;Meteored Chile;https://www.meteored.cl/noticias/actualidad/chile-abre-consulta-ciudadana-para-declarar-al-pinguino-de-humboldt-monumento-natural.html;1;1;1;1;No
216;216 - Spheniscus humboldti;Spheniscus humboldti;pingüino de Humboldt, pingüino, pájaro niño, patranka, Humboldt Penguin (inglés), Peruvian penguin (inglés);Aves;EN;Últimos días para salvar al pingüino de Humboldt en Chile;thetimes.lat;https://thetimes.cl/contenido/9843/ultimos-dias-para-salvar-al-pinguino-de-humboldt-en-chile;1;1;1;1;No
216;216 - Spheniscus humboldti;Spheniscus humboldti;pingüino de Humboldt, pingüino, pájaro niño, patranka, Humboldt Penguin (inglés), Peruvian penguin (inglés);Aves;EN;Pingüino de Humboldt albino es visto frente a la costa de Hualpén;soychile.cl;https://www.soychile.cl/santiago/tendencias/2026/01/21/937305/pinguino-humboldt-albino-costa-hualpen.html;1;1;1;1;No
216;216 - Spheniscus humboldti;Spheniscus humboldti;pingüino de Humboldt, pingüino, pájaro niño, patranka, Humboldt Penguin (inglés), Peruvian penguin (inglés);Aves;EN;"Greenpeace exige medidas urgentes para salvar al pingüino de Humboldt: ""No podemos seguir destruyendo""";BioBioChile;https://www.biobiochile.cl/noticias/ciencia-y-tecnologia/ciencia/2025/10/28/greenpeace-exige-medidas-urgentes-para-salvar-al-pinguino-de-humboldt-no-podemos-seguir-destruyendo.shtml;1;1;1;1;No
216;216 - Spheniscus humboldti;Spheniscus humboldti;pingüino de Humboldt, pingüino, pájaro niño, patranka, Humboldt Penguin (inglés), Peruvian penguin (inglés);Aves;EN;El pingüino de Humboldt pasa a estar en peligro de extinción y enciende las alarmas por la biodiversidad en Chile;Futuro 360 | CNN Chile;https://futuro360.cnnchile.com/el-pinguino-de-humboldt-pasa-a-estar-en-peligro-de-extincion-y-enciende-las-alarmas-por-la-biodiversidad-en-chile;1;1;1;1;No
216;216 - Spheniscus humboldti;Spheniscus humboldti;pingüino de Humboldt, pingüino, pájaro niño, patranka, Humboldt Penguin (inglés), Peruvian penguin (inglés);Aves;EN;¿Por qué fue declarado el pingüino de Humboldt en peligro de extinción? Alertan sobre crítica situación en Chile y los riesgos de Dominga;elciudadano.com;https://www.elciudadano.com/actualidad/por-que-fue-declarado-el-pinguino-de-humboldt-en-peligro-de-extincion-alertan-sobre-critica-situacion-en-chile-y-los-peligros-de-dominga/11/01/;1;1;1;1;No
216;216 - Spheniscus humboldti;Spheniscus humboldti;pingüino de Humboldt, pingüino, pájaro niño, patranka, Humboldt Penguin (inglés), Peruvian penguin (inglés);Aves;EN;¿Sin protección?: Ranita de Darwin y Pingüino de Humboldt, las dos especies icónicas de Chile en medio del debate ambiental;Publimetro;https://www.publimetro.cl/noticias/2026/03/17/sin-proteccion-ranita-de-darwin-y-pinguino-de-humboldt-las-dos-especies-iconicas-de-chile-en-medio-del-debate-ambiental/;1;1;1;1;No
216;216 - Spheniscus humboldti;Spheniscus humboldti;pingüino de Humboldt, pingüino, pájaro niño, patranka, Humboldt Penguin (inglés), Peruvian penguin (inglés);Aves;EN;La Serena será sede del Seminario Pingüino de Humboldt en peligro de extinción;El Serenense;https://www.elserenense.cl/comunales/2025/11/11/la-serena-sera-sede-del-seminario-pinguino-de-humboldt-en-peligro-de-extincion/;1;1;1;1;No
216;216 - Spheniscus humboldti;Spheniscus humboldti;pingüino de Humboldt, pingüino, pájaro niño, patranka, Humboldt Penguin (inglés), Peruvian penguin (inglés);Aves;EN;¿Pingüino de Humboldt albino en Biobío?: hallazgo inédito abre retos científicos y de conservación;Diario Concepción;https://www.diarioconcepcion.cl/ciencia-y-sociedad/2026/01/30/pinguino-de-humboldt-albino-en-biobio-hallazgo-inedito-abre-retos-cientificos-y-de-conservacion.html;1;1;1;1;No
216;216 - Spheniscus humboldti;Spheniscus humboldti;pingüino de Humboldt, pingüino, pájaro niño, patranka, Humboldt Penguin (inglés), Peruvian penguin (inglés);Aves;EN;Registran por primera vez en Chile un ejemplar de pingüino de Humboldt albino;Diario Usach;https://www.diariousach.cl/registran-por-primera-vez-en-chile-un-ejemplar-de-pinguino-de-humboldt;1;1;1;1;No
216;216 - Spheniscus humboldti;Spheniscus humboldti;pingüino de Humboldt, pingüino, pájaro niño, patranka, Humboldt Penguin (inglés), Peruvian penguin (inglés);Aves;EN;Pingüino de Humboldt en peligro de extinción: la contaminación y el cambio climático lo acorralan;El Mostrador;https://www.elmostrador.cl/agenda-pais/agenda-social/2025/11/11/pinguino-de-humboldt-en-peligro-de-extincion-la-contaminacion-y-el-cambio-climatico-lo-acorralan/;1;1;1;1;No
216;216 - Spheniscus humboldti;Spheniscus humboldti;pingüino de Humboldt, pingüino, pájaro niño, patranka, Humboldt Penguin (inglés), Peruvian penguin (inglés);Aves;EN;Chile declara oficialmente en peligro de extinción a Pingüino de Humboldt;El Periodista;https://www.elperiodista.cl/2025/10/pinguino-de-humboldt-es-declarado-oficialmente-en-peligro-de-extincion/;1;1;1;1;No
216;216 - Spheniscus humboldti;Spheniscus humboldti;pingüino de Humboldt, pingüino, pájaro niño, patranka, Humboldt Penguin (inglés), Peruvian penguin (inglés);Aves;EN;Detectan primer pingüino de Humboldt albino en el Biobío;24horas;https://www.24horas.cl/conciencia-24-7/sostenibilidad/pinguino-de-humboldt-albino-biobio;1;1;1;1;No
216;216 - Spheniscus humboldti;Spheniscus humboldti;pingüino de Humboldt, pingüino, pájaro niño, patranka, Humboldt Penguin (inglés), Peruvian penguin (inglés);Aves;EN;El pingüino de Humboldt es declarado Monumento Natural y elevan su nivel de protección en Chile;Radio Concierto Chile - Sólo grandes canciones;https://www.concierto.cl/2026/02/el-pinguino-de-humboldt-es-declarado-monumento-natural-y-elevan-su-nivel-de-proteccion-en-chile/;1;1;1;1;No
216;216 - Spheniscus humboldti;Spheniscus humboldti;pingüino de Humboldt, pingüino, pájaro niño, patranka, Humboldt Penguin (inglés), Peruvian penguin (inglés);Aves;EN;Detectan primer pingüino de Humboldt albino en el Biobío;24horas;https://www.24horas.cl/conciencia-24-7/sostenibilidad/pinguino-de-humboldt-albino-biobio;1;1;1;1;No
216;216 - Spheniscus humboldti;Spheniscus humboldti;pingüino de Humboldt, pingüino, pájaro niño, patranka, Humboldt Penguin (inglés), Peruvian penguin (inglés);Aves;EN;El pingüino de Humboldt es declarado Monumento Natural en Chile;Sabes.cl;https://sabes.cl/2026/02/14/el-pinguino-de-humboldt-es-declarado-monumento-natural-en-chile/;1;1;1;1;No
216;216 - Spheniscus humboldti;Spheniscus humboldti;pingüino de Humboldt, pingüino, pájaro niño, patranka, Humboldt Penguin (inglés), Peruvian penguin (inglés);Aves;EN;WWF Chile presentó propuestas en el marco de la consulta pública para declarar al pingüino de Humboldt como Monumento Natural;Infogate.cl;https://infogate.cl/2026/02/wwf-chile-presento-propuestas-en-el-marco-de-la-consulta-publica-para-declarar-al-pinguino-de-humboldt-como-monumento-natural/;1;1;1;1;No
216;216 - Spheniscus humboldti;Spheniscus humboldti;pingüino de Humboldt, pingüino, pájaro niño, patranka, Humboldt Penguin (inglés), Peruvian penguin (inglés);Aves;EN;Protección del pingüino de Humboldt y descontaminación del lago Villarrica: las razones del Ejecutivo para retirar 43 decretos ambientales;El Dínamo;https://www.eldinamo.cl/sociedad/medio-ambiente/2026/03/17/proteccion-del-pinguino-de-humboldt-y-descontaminacion-del-lago-villarrica-las-razones-del-ejecutivo-para-retirar-43-decretos-ambientales/;1;1;1;1;No
216;216 - Spheniscus humboldti;Spheniscus humboldti;pingüino de Humboldt, pingüino, pájaro niño, patranka, Humboldt Penguin (inglés), Peruvian penguin (inglés);Aves;EN;Para aumentar su protección: El Pingüino de Humboldt es declarado Monumento Nacional en Chile;pudahuel.cl;https://www.pudahuel.cl/noticias/2026/02/para-aumentar-su-proteccion-el-pinguino-de-humboldt-es-declarado-monumento-nacional-en-chile/;1;1;1;1;No
216;216 - Spheniscus humboldti;Spheniscus humboldti;pingüino de Humboldt, pingüino, pájaro niño, patranka, Humboldt Penguin (inglés), Peruvian penguin (inglés);Aves;EN;Ataque y muerte de pingüino de Humboldt reabre urgente llamado a la tenencia responsable y protección de fauna silvestre;El Diario de Antofagasta;https://www.diarioantofagasta.cl/el-pais/218188/ataque-y-muerte-de-pinguino-de-humboldt-reabre-urgente-llamado-a-la-tenencia-responsable-y-proteccion-de-fauna-silvestre/;1;1;1;1;No
216;216 - Spheniscus humboldti;Spheniscus humboldti;pingüino de Humboldt, pingüino, pájaro niño, patranka, Humboldt Penguin (inglés), Peruvian penguin (inglés);Aves;EN;“Andaba solo en el agua”: Investigación registró primer hallazgo de pingüino de Humboldt albino en el Biobío;The Clinic;https://www.theclinic.cl/2026/01/22/andaba-solo-en-el-agua-investigacion-registro-primer-hallazgo-de-pinguino-de-humboldt-albino-en-el-biobio/;1;1;1;1;No
216;216 - Spheniscus humboldti;Spheniscus humboldti;pingüino de Humboldt, pingüino, pájaro niño, patranka, Humboldt Penguin (inglés), Peruvian penguin (inglés);Aves;EN;Gobierno retira más de 40 decretos ambientales que creaban parques nacionales y otorgaban protección a la ranita de Darwin y el pingüino de Humboldt;The Clinic;https://www.theclinic.cl/2026/03/17/gobierno-retira-mas-de-40-decretos-ambientales-que-creaban-parques-nacionales-y-otorgaban-proteccion-a-la-ranita-de-darwin-y-el-pinguino-de-humboldt/;1;1;1;1;No
216;216 - Spheniscus humboldti;Spheniscus humboldti;pingüino de Humboldt, pingüino, pájaro niño, patranka, Humboldt Penguin (inglés), Peruvian penguin (inglés);Aves;EN;Pingüino de Humboldt y ranita de Darwin: Revisa el estado actual de los 43 decretos ambientales retirados por Kast;El Desconcierto;https://eldesconcierto.cl/2026/03/20/pinguino-de-humboldt-y-ranita-de-darwin-revisa-el-estado-actual-de-los-43-decretos-ambientales-retirados-por-kast;1;1;1;1;No
216;216 - Spheniscus humboldti;Spheniscus humboldti;pingüino de Humboldt, pingüino, pájaro niño, patranka, Humboldt Penguin (inglés), Peruvian penguin (inglés);Aves;EN;Pingüino de Humboldt es declarado monumento natural para reforzar su protección en Chile;VLN Radio;https://www.vlnradio.cl/noticias/actualidad/2026/02/15/pinguino-de-humboldt-es-declarado-monumento-natural-para-reforzar-su-proteccion-en-chile/;1;1;1;1;No
216;216 - Spheniscus humboldti;Spheniscus humboldti;pingüino de Humboldt, pingüino, pájaro niño, patranka, Humboldt Penguin (inglés), Peruvian penguin (inglés);Aves;EN;Chile declara oficialmente al Pingüino de Humboldt «en peligro de extinción»;Radio Ñuble;https://radionuble.cl/v1/2025/10/23/chile-declara-oficialmente-al-pinguino-de-humboldt-en-peligro-de-extincion/;1;1;1;1;No
216;216 - Spheniscus humboldti;Spheniscus humboldti;pingüino de Humboldt, pingüino, pájaro niño, patranka, Humboldt Penguin (inglés), Peruvian penguin (inglés);Aves;EN;Debate ambiental en Chile: Ranita de Darwin y Pingüino de Humboldt en riesgo;Radio Canal 95;https://www.canal95.cl/nacional/debate-ambiental-chile-ranita-darwin-pinguino-humboldt-riesgo;1;1;1;1;No
216;216 - Spheniscus humboldti;Spheniscus humboldti;pingüino de Humboldt, pingüino, pájaro niño, patranka, Humboldt Penguin (inglés), Peruvian penguin (inglés);Aves;EN;Pingüino de Humboldt y especies únicas de Chile en peligro: más del 70% está en riesgo de extinción;Meteored Chile;https://www.meteored.cl/noticias/ciencia/pinguino-de-humboldt-y-especies-unicas-de-chile-en-peligro-mas-del-70-esta-en-riesgo-de-extincion.html;1;1;1;1;No
216;216 - Spheniscus humboldti;Spheniscus humboldti;pingüino de Humboldt, pingüino, pájaro niño, patranka, Humboldt Penguin (inglés), Peruvian penguin (inglés);Aves;EN;Gobierno chileno le quita la protección al Pingüino de Humboldt;Mestizos Magazine;https://www.mestizos.cl/actualidad-animal/2026/03/18/gobierno-chileno-le-quita-la-proteccion-al-pinguino-de-humboldt.html;1;1;1;1;No
216;216 - Spheniscus humboldti;Spheniscus humboldti;pingüino de Humboldt, pingüino, pájaro niño, patranka, Humboldt Penguin (inglés), Peruvian penguin (inglés);Aves;EN;Declaran monumento natural al pingüino de Humboldt en todo Chile;Puranoticia;https://puranoticia.pnt.cl/nacional/declaran-monumento-natural-al-pinguino-de-humboldt-en-todo-chile;1;1;1;1;No
216;216 - Spheniscus humboldti;Spheniscus humboldti;pingüino de Humboldt, pingüino, pájaro niño, patranka, Humboldt Penguin (inglés), Peruvian penguin (inglés);Aves;EN;El pingüino de Humboldt, declarado monumento natural por Chile;ANSA Latina;https://www.ansalatina.com/americalatina/noticia/latinoamerica/2026/02/13/el-pingueino-de-humboldt-declarado-monumento-natural-por-chile_be13193f-0864-424f-855b-bc1b51c5ef3c.html;1;1;1;1;No
216;216 - Spheniscus humboldti;Spheniscus humboldti;pingüino de Humboldt, pingüino, pájaro niño, patranka, Humboldt Penguin (inglés), Peruvian penguin (inglés);Aves;EN;"Chile declara oficialmente al Pingüino de Humboldt ""en peligro de extinción""";Radio Contacto 90.7 FM;https://radiocontacto.cl/2025/10/23/chile-declara-oficialmente-al-pinguino-de-humboldt-en-peligro-de-extincion/;1;1;1;1;No
216;216 - Spheniscus humboldti;Spheniscus humboldti;pingüino de Humboldt, pingüino, pájaro niño, patranka, Humboldt Penguin (inglés), Peruvian penguin (inglés);Aves;EN;Un pingüino de Chile perdió más del 50% de su población;eldiarioweb.com;https://www.eldiarioweb.com/2025/10/un-pinguino-de-chile-perdio-mas-del-50-de-su-poblacion/;1;1;1;1;No
216;216 - Spheniscus humboldti;Spheniscus humboldti;pingüino de Humboldt, pingüino, pájaro niño, patranka, Humboldt Penguin (inglés), Peruvian penguin (inglés);Aves;EN;Chile declara Monumento Natural al pingüino de Humboldt tras caída del 50% de su población;Publimicro;https://publimicro.cl/chile-declara-monumento-natural-al-pinguino-de-humboldt-tras-caida-del-50-de-su-poblacion/;1;1;1;1;No
216;216 - Spheniscus humboldti;Spheniscus humboldti;pingüino de Humboldt, pingüino, pájaro niño, patranka, Humboldt Penguin (inglés), Peruvian penguin (inglés);Aves;EN;Pingüino de Humboldt pasa a “en peligro”: especie icónica que habita en la Región de Antofagasta enfrenta drástica disminución;soychile.cl;https://www.soychile.cl/antofagasta/sociedad/2025/10/24/926196/region-antofagasta-especie-iconica.html;1;1;1;1;No
216;216 - Spheniscus humboldti;Spheniscus humboldti;pingüino de Humboldt, pingüino, pájaro niño, patranka, Humboldt Penguin (inglés), Peruvian penguin (inglés);Aves;EN;Gobierno retira más de 40 decretos ambientales: Entre ellos la protección a Ranita de Darwin y Pingüino de Humboldt;Meganoticias;https://www.meganoticias.cl/nacional/517253-gobierno-retira-mas-de-40-decretos-ambientales-proteccion-ranita-de-darwin-pinguino-de-humboldt-17-3-2026.html;1;1;1;0;No
216;216 - Spheniscus humboldti;Spheniscus humboldti;pingüino de Humboldt, pingüino, pájaro niño, patranka, Humboldt Penguin (inglés), Peruvian penguin (inglés);Aves;EN;Pingüino de Humboldt es declarado Monumento Natural y refuerzan su protección en todo Chile;ADN Radio;https://www.adnradio.cl/2026/02/15/pinguino-de-humboldt-es-declarado-monumento-natural-y-refuerzan-su-proteccion-en-todo-chile/;1;1;1;1;No
216;216 - Spheniscus humboldti;Spheniscus humboldti;pingüino de Humboldt, pingüino, pájaro niño, patranka, Humboldt Penguin (inglés), Peruvian penguin (inglés);Aves;EN;“Desde hoy en adelante no usaré desodorante, sólo Tanax”: insecticida se vuelve viral por crítica a retiro de decreto que protegía a Pingüino de Humboldt y Ranita de Darwin;Publimetro;https://www.publimetro.cl/social/2026/03/18/desde-hoy-en-adelante-no-usare-desodorante-solo-tanax-insecticida-se-vuelve-viral-por-critica-a-retiro-de-decreto-que-protegia-a-pinguino-de-humboldt-y-ranita-de-darwin/;1;1;1;1;No
216;216 - Spheniscus humboldti;Spheniscus humboldti;pingüino de Humboldt, pingüino, pájaro niño, patranka, Humboldt Penguin (inglés), Peruvian penguin (inglés);Aves;EN;El pequeño gran emperador de la corriente: Pingüino de Humboldt ya es Monumento Natural en Chile;Meteored Chile;https://www.meteored.cl/noticias/actualidad/el-pequeno-gran-emperador-de-la-corriente-pinguino-de-humboldt-ya-es-monumento-natural-en-chile.html;1;1;1;1;No
