Especie ID;Nombre científico ;Nombre común;Clase;RCE;Titular;Fuente;Link;Usa N. Científico;Usa N. Común;Alcance;Es protagonsita;Tono predominante;Tiene foto;Endémica
1;Acanthogonatus hualpen;Araña (genérico);Arachnida;CR;Sin datos;Sin datos;Sin datos;Sin datos;Sin datos;Sin datos;Sin datos;Sin datos;Sin datos;Sí
2;Aegla denticulata;pancora;Malacostraca;CR;Sin datos;Sin datos;Sin datos;Sin datos;Sin datos;Sin datos;Sin datos;Sin datos;Sin datos;Sí
3;Aegla papudo ;piñacha, pancora, pancora de Papudo;Malacostraca;CR;Sin datos;Sin datos;Sin datos;Sin datos;Sin datos;Sin datos;Sin datos;Sin datos;Sin datos;Sí
4;Alsodes laevis;sapo de pecho espinoso de Potrero;Amphibia;CR;Sin datos;Sin datos;Sin datos;Sin datos;Sin datos;Sin datos;Sin datos;Sin datos;Sin datos;Sí
5;Alsodes norae;rana de pecho espinoso de Oncol;Amphibia;CR;Sin datos;Sin datos;Sin datos;Sin datos;Sin datos;Sin datos;Sin datos;Sin datos;Sin datos;Sí
6;Alsodes vittatus;sapo de pecho espinoso de Malleco;Amphibia;CR;Sin datos;Sin datos;Sin datos;Sin datos;Sin datos;Sin datos;Sin datos;Sin datos;Sin datos;Sí
7;Ambrosiella kuscheli;caracol;Gastropoda;CR;Sin datos;Sin datos;Sin datos;Sin datos;Sin datos;Sin datos;Sin datos;Sin datos;Sin datos;Sí
8;Anaperochernes ambrosianus;seudoescorpión;Arachnida;CR;Sin datos;Sin datos;Sin datos;Sin datos;Sin datos;Sin datos;Sin datos;Sin datos;Sin datos;Sí
9;Aphrastura masafuerae;rayadito de Más Afuera;Aves;CR;Sin datos;Sin datos;Sin datos;Sin datos;Sin datos;Sin datos;Sin datos;Sin datos;Sin datos;Sí
10;Biomphalaria costata;caracol de agua dulce;Gastropoda;CR;Sin datos;Sin datos;Sin datos;Sin datos;Sin datos;Sin datos;Sin datos;Sin datos;Sin datos;Sí
11;Brachistosternus philippii;escorpión de Philippi;Arachnida;CR;Sin datos;Sin datos;Sin datos;Sin datos;Sin datos;Sin datos;Sin datos;Sin datos;Sin datos;Sí
12;Callisphyris ficheti;sierra del Orocoipo;Insecta;CR;Sin datos;Sin datos;Sin datos;Sin datos;Sin datos;Sin datos;Sin datos;Sin datos;Sin datos;Sí
13;Callyntra hibrida;cascarudo híbrido o cascarudo del Poqui;Insecta;CR;Sin datos;Sin datos;Sin datos;Sin datos;Sin datos;Sin datos;Sin datos;Sin datos;Sin datos;Sí
14;Chelanops pugil;seudoescorpión;Arachnida;CR;Sin datos;Sin datos;Sin datos;Sin datos;Sin datos;Sin datos;Sin datos;Sin datos;Sin datos;Sí
15;Chellius piramidalis;caracol de concha piramidal;Gastropoda;CR;Sin datos;Sin datos;Sin datos;Sin datos;Sin datos;Sin datos;Sin datos;Sin datos;Sin datos;Sí
16;Chiasognathus jousselini;cantárida, ciervo volante peludo;Insecta;CR;Sin datos;Sin datos;Sin datos;Sin datos;Sin datos;Sin datos;Sin datos;Sin datos;Sin datos;Sí
17;Chilina angusta;caracol de Paposo;Gasotropoda;CR;Pingüino de Humboldt y especies únicas de Chile en peligro: más del 70% está en riesgo de extinción;Meteored Chile;https://www.meteored.cl/noticias/ciencia/pinguino-de-humboldt-y-especies-unicas-de-chile-en-peligro-mas-del-70-esta-en-riesgo-de-extincion.html;1;1;Nacional;1;Alarma/Crisis;;Sí
17;Chilina angusta;caracol de Paposo;Gasotropoda;CR;Pingüino de Humboldt y especies endémicas en Chile aumentan riesgo de extinción;Cooperativa Ciencia;https://www.cooperativaciencia.cl/medio-ambiente/2025/10/20/pinguino-de-humboldt-y-especies-endemicas-en-chile-aumentan-riesgo-de-extincion/;0;1;Nacional;0;Alarma / Crisis;1;Sí
17;Chilina angusta;caracol de Paposo;Gasotropoda;CR;Especies en riesgo: pingüino de Humboldt, lagarto de Álvaro y plantas de Juan Fernández en alerta;El Mostrador;https://www.elmostrador.cl/agenda-pais/agenda-sustentable/2025/10/28/especies-en-riesgo-pinguino-de-humboldt-lagarto-de-alvaro-y-plantas-de-juan-fernandez-en-alerta/;1;1;Nacional;0;Alarma / Crisis;0;Sí
17;Chilina angusta;caracol de Paposo;Gasotropoda;CR;Pingüino de Humboldt y lagarto gruñidor en peligro;Diario Sustentable;https://www.diariosustentable.com/2025/10/pinguino-de-humboldt-lagarto-grunidor-y-plantas-endemicas-de-juan-fernandez-aumentan-su-riesgo-de-extincion-en-chile/;1;1;Nacional;0;Alarma / Crisis;1;Sí
18;Cnemalobus pegnai;;Insecta;CR;Sin datos;Sin datos;Sin datos;Sin datos;Sin datos;Sin datos;Sin datos;Sin datos;Sin datos;Sí
19;Ectinogonia barrigai;balita de Barriga, bupréstido de Barriga;Insecta;CR;Sin datos;Sin datos;Sin datos;Sin datos;Sin datos;Sin datos;Sin datos;Sin datos;Sin datos;Sí
20;Entomochilus wilsoni;tenebrio de Wilson, teatino de Wilson;Insecta;CR;Sin datos;Sin datos;Sin datos;Sin datos;Sin datos;Sin datos;Sin datos;Sin datos;Sin datos;Sí
21;Euathlus antai;araña pollito, tarántula;Arachnida;CR;Sin datos;Sin datos;Sin datos;Sin datos;Sin datos;Sin datos;Sin datos;Sin datos;Sin datos;Sí
22;Euathlus atacama;araña pollito, tarántula;Arachnida;CR;Sin datos;Sin datos;Sin datos;Sin datos;Sin datos;Sin datos;Sin datos;Sin datos;Sin datos;Sí
23;Euathlus condorito;araña pollito, tarántula;Arachnida;CR;Sin datos;Sin datos;Sin datos;Sin datos;Sin datos;Sin datos;Sin datos;Sin datos;Sin datos;Sí
24;Euathlus parvulus;tarántula enana, araña pollito;Arachnida;CR;Sin datos;Sin datos;Sin datos;Sin datos;Sin datos;Sin datos;Sin datos;Sin datos;Sin datos;Sí
25;Eulidia yarrellii;picaflor de Arica, estrellita chilena;Aves;CR;Picaflor de Arica en peligro crítico: estudio alerta impacto de la agricultura intensiva;Canal 9 Bío Bío Televisión;https://www.canal9.cl/episodios/nuestra-casa/2026/03/20/picaflor-de-arica-en-peligro-critico-estudio-alerta-impacto-de-la-agricultura-intensiva;0;1;Nacional;1;Alarma / Crisis;1;Sí
25;Eulidia yarrellii;picaflor de Arica, estrellita chilena;Aves;CR;Estudio advierte pérdida de hábitat del picaflor de Arica por expansión agrícola;Cooperativa Ciencia;https://www.cooperativaciencia.cl/medio-ambiente/2026/03/12/estudio-advierte-perdida-de-habitat-del-picaflor-de-arica-por-expansion-agricola/;1;1;Nacional;1;Científico / Educativo;1;Sí
25;Eulidia yarrellii;picaflor de Arica, estrellita chilena;Aves;CR;Picaflor de Arica pierde terreno: Estudio alerta impacto de monocultivos en Azapa, ¿qué hacer?;Fundación Terram;https://www.terram.cl/picaflor-de-arica-pierde-terreno-estudio-alerta-impacto-de-monocultivos-en-azapa-que-hacer/;1;1;Regional;1;Científico / Educativo;1;Sí
25;Eulidia yarrellii;picaflor de Arica, estrellita chilena;Aves;CR;Crean microreserva de más de 15 hectáreas para proteger a picaflor de Arica, especie que está peligro crítico de extinción;The Clinic;https://www.theclinic.cl/2026/02/25/crean-microreserva-de-mas-de-15-hectareas-para-proteger-a-picaflor-de-arica-especie-que-esta-peligro-critico-de-extincion/;1;1;Nacional;1;Conservación / Positivo;1;Sí
25;Eulidia yarrellii;picaflor de Arica, estrellita chilena;Aves;CR;Alertan pérdida de hábitat del picaflor de Arica por expansión de monocultivos en valles del norte;El Mostrador;https://www.elmostrador.cl/cultura/ciencia-cultura/2026/03/05/alertan-perdida-de-habitat-del-picaflor-de-arica-por-expansion-de-monocultivos-en-valles-del-norte/;1;1;Nacional;1;Científico / Educativo;1;Sí
25;Eulidia yarrellii;picaflor de Arica, estrellita chilena;Aves;CR;Picaflor de Arica en peligro: Monocultivos amenazan su hábitat;Cooperativa.cl;https://www.cooperativa.cl/noticias/pais/medioambiente/animales/picaflor-de-arica-en-peligro-monocultivos-amenazan-su-habitat/2026-03-04/154152.html;1;1;Nacional;1;Científico / Educativo;1;Sí
25;Eulidia yarrellii;picaflor de Arica, estrellita chilena;Aves;CR;Solo quedan 400: Crean microreserva de más de 15 hectáreas para proteger al picaflor de Arica;Ladera Sur;https://laderasur.com/articulo/solo-quedan-400-crean-microreserva-de-mas-de-15-hectareas-para-proteger-al-picaflor-de-arica/;0;1;Nacional;1;Conservación / Positivo;1;Sí
25;Eulidia yarrellii;picaflor de Arica, estrellita chilena;Aves;CR;Estudio advierte cómo el picaflor de Arica está perdiendo su hábitat debido a los monocultivos;BioBioChile;https://www.biobiochile.cl/noticias/ciencia-y-tecnologia/medio-ambiente-cyt/2026/03/16/estudio-advierte-como-el-picaflor-de-arica-esta-perdiendo-su-habitat-debido-a-los-monocultivos.shtml;1;1;Nacional;1;Alarma / Crisis;1;Sí
26;Geranoaetus polyosoma exsul;aguilucho de Más Afuera, aguilucho de Juan Fernández, blindado;Aves;CR;Sin datos;Sin datos;Sin datos;Sin datos;Sin datos;Sin datos;Sin datos;Sin datos;Sin datos;Sí
27;Heleobia atacamensis;caracol;Gastropoda;CR;Sin datos;Sin datos;Sin datos;Sin datos;Sin datos;Sin datos;Sin datos;Sin datos;Sin datos;Sí
28;Heleobia transitoria;caracol;Gastropoda;CR;Sin datos;Sin datos;Sin datos;Sin datos;Sin datos;Sin datos;Sin datos;Sin datos;Sin datos;Sí
29;Liolaemus confusus;lagartija de Lolol;Reptilia;CR;Sin datos;Sin datos;Sin datos;Sin datos;Sin datos;Sin datos;Sin datos;Sin datos;Sin datos;Sí
30;Liolaemus curis;lagarto negro;Reptilia;CR;Sin datos;Sin datos;Sin datos;Sin datos;Sin datos;Sin datos;Sin datos;Sin datos;Sin datos;Sí
31;Liolaemus hermannunezi;lagartija de Herman Núñez;Reptilia;CR;Sin datos;Sin datos;Sin datos;Sin datos;Sin datos;Sin datos;Sin datos;Sin datos;Sin datos;Sí
32;Liolaemus melaniceps;lagartija;Reptilia;CR;Sin datos;Sin datos;Sin datos;Sin datos;Sin datos;Sin datos;Sin datos;Sin datos;Sin datos;Sí
33;Liolaemus normae;lagarto leopardo de Norma, lagarto de los cristales;Reptilia;CR;Sin datos;Sin datos;Sin datos;Sin datos;Sin datos;Sin datos;Sin datos;Sin datos;Sin datos;Sí
34;Nigroperla costalis;;Insecta;CR;Sin datos;Sin datos;Sin datos;Sin datos;Sin datos;Sin datos;Sin datos;Sin datos;Sin datos;Sí
35;Nycterinus penai;tenebrio de Peña, teatino de Peña;Insecta;CR;Sin datos;Sin datos;Sin datos;Sin datos;Sin datos;Sin datos;Sin datos;Sin datos;Sin datos;Sí
36;Omalonyx gayana;caracol terrestre Omalonyx;Gastropoda;CR;Sin datos;Sin datos;Sin datos;Sin datos;Sin datos;Sin datos;Sin datos;Sin datos;Sin datos;Sí
37;Orestias gloriae;pez (genérico);Actinopterygii;CR;Sin datos;Sin datos;Sin datos;Sin datos;Sin datos;Sin datos;Sin datos;Sin datos;Sin datos;Sí
38;Orestias piacotensis;karachi;Actinopterygii;CR;Sin datos;Sin datos;Sin datos;Sin datos;Sin datos;Sin datos;Sin datos;Sin datos;Sin datos;Sí
39;Palmaspis jubae;Escama  gigante de palma chilena;Insecta;CR;Sin datos;Sin datos;Sin datos;Sin datos;Sin datos;Sin datos;Sin datos;Sin datos;Sin datos;Sí
40;Paraholopterus nahuelbutensis;;Insecta;CR;Sin datos;Sin datos;Sin datos;Sin datos;Sin datos;Sin datos;Sin datos;Sin datos;Sin datos;Sí
41;Phymaturus alicahuense;matuasto de Alicahue;Reptilia;CR;Sin datos;Sin datos;Sin datos;Sin datos;Sin datos;Sin datos;Sin datos;Sin datos;Sin datos;Sí
42;Phymaturus vociferator;matuasto del Laja, matuasto vociferador;Reptilia;CR;Sin datos;Sin datos;Sin datos;Sin datos;Sin datos;Sin datos;Sin datos;Sin datos;Sin datos;Sí
43;Pichikadi hualpensis;caracol costilludo de Hualpén;Gastropoda;CR;Sin datos;Sin datos;Sin datos;Sin datos;Sin datos;Sin datos;Sin datos;Sin datos;Sin datos;Sí
44;Praocis medvedevi;;Insecta;CR;Sin datos;Sin datos;Sin datos;Sin datos;Sin datos;Sin datos;Sin datos;Sin datos;Sin datos;Sí
45;Pristidactylus alvaroi;lagarto gruñidor de Álvaro;Reptilia;CR;Pingüino de Humboldt y especies únicas de Chile en peligro: más del 70% está en riesgo de extinción;Meteored Chile;https://www.meteored.cl/noticias/ciencia/pinguino-de-humboldt-y-especies-unicas-de-chile-en-peligro-mas-del-70-esta-en-riesgo-de-extincion.html;1;1;Nacional;1;Alarma/Crisis;0;Sí
45;Pristidactylus alvaroi;lagarto gruñidor de Álvaro;Reptilia;CR;Chile declara oficialmente en peligro de extinción a Pingüino de Humboldt;El Periodista;https://www.elperiodista.cl/2025/10/pinguino-de-humboldt-es-declarado-oficialmente-en-peligro-de-extincion/;1;1; Nacional;1; Alarma/Crisis;;Sí
45;Pristidactylus alvaroi;lagarto gruñidor de Álvaro;Reptilia;CR;El pingüino de Humboldt pasa a estar en peligro de extinción y enciende las alarmas por la biodiversidad en Chile;Futuro 360 | CNN Chile;https://futuro360.cnnchile.com/el-pinguino-de-humboldt-pasa-a-estar-en-peligro-de-extincion-y-enciende-las-alarmas-por-la-biodiversidad-en-chile;0;1;Nacional;0;Alarma / Crisis;0;Sí
45;Pristidactylus alvaroi;lagarto gruñidor de Álvaro;Reptilia;CR;Pingüino de Humboldt y especies endémicas en Chile aumentan riesgo de extinción;Cooperativa Ciencia;https://www.cooperativaciencia.cl/medio-ambiente/2025/10/20/pinguino-de-humboldt-y-especies-endemicas-en-chile-aumentan-riesgo-de-extincion/;0;1;Nacional;0;Alarma / Crisis;1;Sí
45;Pristidactylus alvaroi;lagarto gruñidor de Álvaro;Reptilia;CR;Equipo UM logró que el “Lagarto gruñidor de Álvaro” sea considerado “en peligro crítico de extinción”;Diario Mayor;https://www.diariomayor.cl/creando-universidad/academicos/equipo-um-logro-que-el-lagarto-grunidor-de-alvaro-sea-considerado-en-peligro-critico-de-extincion;1;1;Nacional;1;Científico / Educativo;1;Sí
45;Pristidactylus alvaroi;lagarto gruñidor de Álvaro;Reptilia;CR;Especies en riesgo: pingüino de Humboldt, lagarto de Álvaro y plantas de Juan Fernández en alerta;El Mostrador;https://www.elmostrador.cl/agenda-pais/agenda-sustentable/2025/10/28/especies-en-riesgo-pinguino-de-humboldt-lagarto-de-alvaro-y-plantas-de-juan-fernandez-en-alerta/;1;1;Nacional;1;Alarma / Crisis;0;Sí
45;Pristidactylus alvaroi;lagarto gruñidor de Álvaro;Reptilia;CR;Pingüino de Humboldt y lagarto gruñidor en peligro;Diario Sustentable;https://www.diariosustentable.com/2025/10/pinguino-de-humboldt-lagarto-grunidor-y-plantas-endemicas-de-juan-fernandez-aumentan-su-riesgo-de-extincion-en-chile/;1;1;Nacional;1;Alarma / Crisis;1;Sí
45;Pristidactylus alvaroi;lagarto gruñidor de Álvaro;Reptilia;CR;Ministra Rojas expone dramático estado del pingüino de Humboldt, lagarto gruñidor y otras 70 especies;El Desconcierto;https://eldesconcierto.cl/2025/10/18/ministra-rojas-expone-dramatico-estado-del-pinguino-de-humboldt-lagarto-grunidor-y-otras-70-especies;0;1;Nacional;1;Alarma / Crisis;0;Sí
45;Pristidactylus alvaroi;lagarto gruñidor de Álvaro;Reptilia;CR;Declaran al Lagarto gruñidor de Álvaro, especie endémica chilena, en «Peligro Crítico de Extinción;Fundación Terram;https://www.terram.cl/declaran-al-lagarto-grunidor-de-alvaro-especie-endemica-chilena-en-peligro-critico-de-extincion/;1;1;Nacional;1;Alarma / Crisis;1;Sí
46;Pseudorestias lirimensis;pez (genérico);Actinopterygii;CR;Sin datos;Sin datos;Sin datos;Sin datos;Sin datos;Sin datos;Sin datos;Sin datos;Sin datos;Sí
47;Punctum conicum;caracol terrestre Punctum;Gastropoda;CR;Sin datos;Sin datos;Sin datos;Sin datos;Sin datos;Sin datos;Sin datos;Sin datos;Sin datos;Sí
48;Punctum depressum;caracol terrestre Punctum;Gastropoda;CR;Sin datos;Sin datos;Sin datos;Sin datos;Sin datos;Sin datos;Sin datos;Sin datos;Sin datos;Sí
49;Rhinoderma rufum;ranita ;Amphibia;CR;Gobierno retira más de 40 decretos ambientales: Entre ellos la protección a Ranita de Darwin y Pingüino de Humboldt;Meganoticias;https://www.meganoticias.cl/nacional/517253-gobierno-retira-mas-de-40-decretos-ambientales-proteccion-ranita-de-darwin-pinguino-de-humboldt-17-3-2026.html;1;1; Nacional;1; Denuncia/Conflicto;0;Sí
49;Rhinoderma rufum;ranita ;Amphibia;CR;La ranita descubierta por Charles Darwin en Chile busca salvarse de la extinción;EL PAÍS;https://elpais.com/chile/2026-02-23/la-ranita-descubierta-por-charles-darwin-en-chile-busca-salvarse-de-la-extincion.html;1;1; Nacional;0; Científico/Educativo;1;Sí
49;Rhinoderma rufum;ranita ;Amphibia;CR;Hongo letal amenaza la supervivencia de la ranita de Darwin;Noticias UNAB;https://noticias.unab.cl/investigacion-con-sello-unab-revela-como-un-hongo-letal-amenaza-la-supervivencia-de-la-ranita-de-darwin/;0;1; Nacional;0; Científico/Educativo;0;Sí
49;Rhinoderma rufum;ranita ;Amphibia;CR;Dilucidan cómo una enfermedad está extinguiendo a la ranita de Darwin: ya mató a su especie hermana;BioBioChile;https://www.biobiochile.cl/noticias/ciencia-y-tecnologia/ciencia/2026/01/08/dilucidan-como-una-enfermedad-esta-extinguiendo-a-la-ranita-de-darwin-ya-mato-a-su-especie-hermana.shtml;0;1; Nacional;0; Científico/Educativo;0;Sí
49;Rhinoderma rufum;ranita ;Amphibia;CR;Científico chileno lidera estudio clave sobre la extinción de la ranita de Darwin;24horas;https://www.24horas.cl/conciencia-24-7/ciencia/cientifico-chileno-estudio-extincion-ranita-darwin;0;1; Nacional;0; Científico/Educativo;0;Sí
49;Rhinoderma rufum;ranita ;Amphibia;CR;Alianza internacional en Huilo Huilo busca proteger a la Ranita de Darwin de hongo letal;Cooperativa.cl;https://www.cooperativa.cl/noticias/sociedad/fauna/alianza-internacional-en-huilo-huilo-busca-proteger-a-la-ranita-de/2026-02-06/124716.html;0;1; Nacional;0; Científico/Educativo;0;Sí
49;Rhinoderma rufum;ranita ;Amphibia;CR;Guardabosques chilenos y Zoólogico de Londres buscan salvar a la ranita de Darwin de la extinción;ADN Radio;https://www.adnradio.cl/2026/02/23/guardabosques-chilenos-y-zoologico-de-londres-buscan-salvar-a-la-ranita-de-darwin-de-la-extincion/;1;1; Nacional;0; Científico/Educativo;0;Sí
49;Rhinoderma rufum;ranita ;Amphibia;CR;Científico chileno lidera estudio que revela cómo un hongo letal está extinguiendo a la ranita de Darwin;Cooperativa Ciencia;https://www.cooperativaciencia.cl/medio-ambiente/2026/01/02/cientifico-chileno-lidera-estudio-que-revela-como-un-hongo-letal-esta-extinguiendo-a-la-ranita-de-darwin/;0;1; Nacional;0; Científico/Educativo;0;Sí
49;Rhinoderma rufum;ranita ;Amphibia;CR;Investigación chilena descubre cómo un hongo invasivo provoca epidemias letales en anfibios terrestres;BioBioChile;https://www.biobiochile.cl/noticias/ciencia-y-tecnologia/ciencia/2026/01/26/investigacion-chilena-descubre-como-un-hongo-invasivo-provoca-epidemias-letales-en-anfibios-terrestres.shtml;0;1; Nacional;0; Científico/Educativo;0;Sí
49;Rhinoderma rufum;ranita ;Amphibia;CR;Retiran decreto que protegía al pingüino de Humboldt;El Ovallino;https://www.elovallino.cl/retiran-decreto-que-protegia-al-pinguino-de-humboldt/;1;1;Nacional;1;Denuncia / Conflicto;0;Sí
49;Rhinoderma rufum;ranita ;Amphibia;CR;Contra ranita de Darwin, pingüino de Humboldt y áreas protegidas: Kast defiende retiro de 43 decretos medioambientales;Interferencia |;https://interferencia.cl/articulos/contra-ranita-de-darwin-pinguino-de-humboldt-y-areas-protegidas-kast-defiende-retiro-de-43;0;1;Nacional;1;Denuncia / Conflicto;0;Sí
49;Rhinoderma rufum;ranita ;Amphibia;CR;Contraloría aprueba plan para proteger a las Ranitas de Darwin tras revisión del Gobierno;Radio Paulina;https://radiopaulina.cl/2026/03/20/contraloria-aprueba-plan-para-proteger-a-las-ranitas-de-darwin-tras-revision-del-gobierno/;1;1;Nacional;1;Conservación / Positivo;0;Sí
49;Rhinoderma rufum;ranita ;Amphibia;CR;Revelan cómo el hongo quítrido se propaga y empuja a la ranita de Darwin a la extinción en Chile;El Mostrador;https://www.elmostrador.cl/agenda-pais/agenda-sustentable/2026/01/09/revelan-como-el-hongo-quitrido-se-propaga-y-empuja-a-la-ranita-de-darwin-a-la-extincion-en-chile/;0;1;Nacional;0;Alarma / Crisis;0;Sí
50;Sclerostomulus nitidus;borrachito;Insecta;CR;1000 genomas: el proyecto que busca construir el inventario más completo de la biodiversidad de Chile;Pontificia Universidad Católica de Chile;https://biologia.uc.cl/1000-genomas-el-proyecto-que-busca-construir-el-inventario-mas-completo-de-la-biodiversidad-de-chile/;1;1;Nacional;0;Científico / Educativo;0;Sí
51;Sephanoides fernandensis;picaflor de Juan Fernández;Aves;CR;Chile levanta el mayor registro genético de su biodiversidad;EL PAÍS;https://elpais.com/chile/2025-10-20/chile-levanta-el-mayor-registro-genetico-de-su-biodiversidad.html;0;1;Nacional;0;Científico / Educativo;1;Sí
52;Sterphus aurifrons;mosco de Juan Fernández, mosco de rostro dorado;Insecta;CR;Sin datos;Sin datos;Sin datos;Sin datos;Sin datos;Sin datos;Sin datos;Sin datos;Sin datos;Sí
53;Succinea cryptica;caracol terrestre Succinea;Gastropoda;CR;Sin datos;Sin datos;Sin datos;Sin datos;Sin datos;Sin datos;Sin datos;Sin datos;Sin datos;Sí
54;Succinea cumingi;caracol terrestre Succinea;Gastropoda;CR;Sin datos;Sin datos;Sin datos;Sin datos;Sin datos;Sin datos;Sin datos;Sin datos;Sin datos;Sí
55;Succinea fernandi;caracol terrestre Succinea;Gastropoda;CR;Sin datos;Sin datos;Sin datos;Sin datos;Sin datos;Sin datos;Sin datos;Sin datos;Sin datos;Sí
56;Succinea masafuerae;caracol terrestre Succinea;Gastropoda;CR;Sin datos;Sin datos;Sin datos;Sin datos;Sin datos;Sin datos;Sin datos;Sin datos;Sin datos;Sí
57;Succinea rubicunda;caracol terrestre Succinea;Gastropoda;CR;Sin datos;Sin datos;Sin datos;Sin datos;Sin datos;Sin datos;Sin datos;Sin datos;Sin datos;Sí
58;Succinea semiglobosa;caracol terrestre Succinea;Gastropoda;CR;Sin datos;Sin datos;Sin datos;Sin datos;Sin datos;Sin datos;Sin datos;Sin datos;Sin datos;Sí
59;Succinea texta;caracol terrestre Succinea;Gastropoda;CR;Sin datos;Sin datos;Sin datos;Sin datos;Sin datos;Sin datos;Sin datos;Sin datos;Sin datos;Sí
60;Swiftia comauensis;gorgona amarilla-roja;Anthozoa;CR;Sin datos;Sin datos;Sin datos;Sin datos;Sin datos;Sin datos;Sin datos;Sin datos;Sin datos;Sí
61;Telmatobius chusmisensis;sapo;Amphibia;CR;Sin datos;Sin datos;Sin datos;Sin datos;Sin datos;Sin datos;Sin datos;Sin datos;Sin datos;Sí
62;Telmatobius dankoi;sapo de Danko;Amphibia;CR;Sin datos;Sin datos;Sin datos;Sin datos;Sin datos;Sin datos;Sin datos;Sin datos;Sin datos;Sí
63;Telmatobius fronteriensis;sapo ;Amphibia;CR;Sin datos;Sin datos;Sin datos;Sin datos;Sin datos;Sin datos;Sin datos;Sin datos;Sin datos;Sí
64;Telmatobius halli;sapo ;Amphibia;CR;Sin datos;Sin datos;Sin datos;Sin datos;Sin datos;Sin datos;Sin datos;Sin datos;Sin datos;Sí
65;Telmatobius vilamensis;rana de Vilama;Amphibia;CR;Sin datos;Sin datos;Sin datos;Sin datos;Sin datos;Sin datos;Sin datos;Sin datos;Sin datos;Sí
66;Tornatellina aperta;caracol terrestre Tornatellina;Gastropoda;CR;Sin datos;Sin datos;Sin datos;Sin datos;Sin datos;Sin datos;Sin datos;Sin datos;Sin datos;Sí
67;Tornatellina bilamellata;caracol terrestre Tornatellina;Gastropoda;CR;Sin datos;Sin datos;Sin datos;Sin datos;Sin datos;Sin datos;Sin datos;Sin datos;Sin datos;Sí
68;Tornatellina callosa;caracol terrestre Tornatellina;Gastropoda;CR;Sin datos;Sin datos;Sin datos;Sin datos;Sin datos;Sin datos;Sin datos;Sin datos;Sin datos;Sí
69;Tornatellina plicosa;caracol terrestre Tornatellina;Gastropoda;CR;Sin datos;Sin datos;Sin datos;Sin datos;Sin datos;Sin datos;Sin datos;Sin datos;Sin datos;Sí
70;Tornatellina reclusiana;caracol terrestre Tornatellina;Gastropoda;CR;Sin datos;Sin datos;Sin datos;Sin datos;Sin datos;Sin datos;Sin datos;Sin datos;Sin datos;Sí
71;Acalodegma vidali;;Insecta;EN;;;;;;;;;;Sí
72;Aegla bahamondei;Pancora;Malacostraca;EN;;;;;;;;;;Sí
73;Aegla concepcionensis;Pancora;Malacostraca;EN;;;;;;;;;;Sí
74;Aegla expansa;Pancora;Malacostraca;EN;;;;;;;;;;Sí
75;Aegla laevis;Pancora;Malacostraca;EN;;;;;;;;;;Sí
76;Aegla occidentalis;Pancora;Malacostraca;EN;;;;;;;;;;Sí
77;Aegla papudo;Pancora;Malacostraca;EN;;;;;;;;;;Sí
78;Allograpta robinsoniana;Mosca florícola de Juan Fernández;Insecta;EN;;;;;;;;;;Sí
79;Alsodes barrioi;Sapo de Barros;Amphibia;EN-RARA;;;;;;;;;;Sí
80;Alsodes cantillanensis;Sapo;Amphibia;EN;;;;;;;;;;Sí
81;Alsodes montanus;Sapo de monte;Amphibia;EN-RARA;;;;;;;;;;Sí
82;Alsodes tumultuosus;Sapo;Amphibia;EN-RARA;;;;;;;;;;Sí
83;Alsodes valdiviensis;Rana de pecho espinoso de Cordillera Pelada;Amphibia;EN;;;;;;;;;;Sí
84;Alsodes vanzolinii;Sapo de Vanzolini;Amphibia;EN-RARA;;;;;;;;;;Sí
85;Alsodes verrucosus;Sapo de pecho espinoso de verrugas;Amphibia;EN;;;;;;;;;;Sí
86;Alyma quiriquinaensis;Típula pintada;Insecta;EN;;;;;;;;;;Sí
87;Americobdella valdiviana;Liguay, sanguijuela gigante valdiviana;Clitellata;EN;;;;;;;;;;Sí
88;Amphidoxa arctispira;Caracol terrestre Amphidoxa;Gastropoda;EN;;;;;;;;;;Sí
89;Amphidoxa ceroides;Caracol terrestre Amphidoxa;Gastropoda;EN;;;;;;;;;;Sí
90;Amphidoxa helicophantoides;Caracol terrestre Amphidoxa;Gastropoda;EN;;;;;;;;;;Sí
91;Amphidoxa marmorella;Caracol terrestre Amphidoxa;Gastropoda;EN;;;;;;;;;;Sí
92;Amphidoxa pusio;Caracol terrestre Amphidoxa;Gastropoda;EN;;;;;;;;;;Sí
93;Amphidoxa quadrata;Caracol terrestre Amphidoxa;Gastropoda;EN;;;;;;;;;;Sí
94;Amphidoxa selkirki;Caracol terrestre Amphidoxa;Gastropoda;EN;;;;;;;;;;Sí
95;Amphidoxa tessellata;Caracol terrestre Amphidoxa;Gastropoda;EN;;;;;;;;;;Sí
96;Anairetes fernandezianus;Cachudito de Juan Fernández ;Aves;EN-RARA;;;;;;;;;;Sí
97;Aplochiton marinus;Peladilla;Actinopterygii;EN;;;;;;;;;;Sí
98;Aplochiton zebra;Peladilla;Actinopterygii;EN;;;;;;;;;;Sí
99;Apterodorcus tristis;Mancapollo, pica pollo, borracho, borrachito, buey;Insecta;EN;;;;;;;;;;Sí
100;Ardenna creatopus;Fardela blanca;Aves;EN;;;;;;;;;;Sí
101;Bolborhinum trilobulicorne;Escarabajo;Insecta;EN;;;;;;;;;;Sí
102;Brachistosternus cepedai;Escorpión de Cepeda;Arachnida;EN;;;;;;;;;;Sí
103;Bullockia maldonadoi;Bagrecito;Actinopterygii;EN;;;;;;;;;;Sí
104;Callyntra cantillana;Cascarudo de Cantillana;Insecta;EN;;;;;;;;;;Sí
105;Callyntra multicosta;Cascarudo de Las Docas;Insecta;EN;;;;;;;;;;Sí
106;Callyntra penai;Cascarudo de Peña;Insecta;EN;;;;;;;;;;Sí
107;Callyntra planiuscula;Cascarudo de la Plata;Insecta;EN;;;;;;;;;;Sí
108;Charopa involuta;Caracol terrestre Charopa;Gastropoda;EN;;;;;;;;;;Sí
109;Charopa masafuerae;Caracol terrestre Charopa;Gastropoda;EN;;;;;;;;;;Sí
110;Cheirodon kiliani;Pocha;Actinopterygii;EN-RARA;;;;;;;;;;Sí
111;Chileputo chilensis;Chanchito blanco de la araucaria;Insecta;EN ;;;;;;;;;;Sí
112;Chinchilla lanigera;Chinchilla costina;Mammalia;EN;;;;;;;;;;Sí
113;Chrysiptera rapanui;Mamata;Actinopterygii;EN;;;;;;;;;;Sí
114;Cnemalobus hirsutus;;Insecta;EN;;;;;;;;;;Sí
115;Cnemalobus nuria;;Insecta;EN;;;;;;;;;;Sí
116;Conognatha azarae fisheri;Balita, insecto joya de Fisher;Insecta;EN;;;;;;;;;;Sí
117;Conognatha leechi;Balita, insecto joya de Leech;Insecta;EN;;;;;;;;;;Sí
118;Diplomystes camposensis;Tollo;Actinopterygii;EN;;;;;;;;;;Sí
119;Diplomystes chilensis;Tollo de agua dulce;Actinopterygii;EN-RARA;;;;;;;;;;Sí
120;Diplomystes nahuelbutaensis;Tollo ;Actinopterygii;EN;;;;;;;;;;Sí
121;Enodisomacris curtipennis;"Langosta de alas cortas; langosta de Ureta; langosta de Lila; langosta de La Chimba
";Insecta;EN;;;;;;;;;;Sí
122;Erichius virgatus;Borrachito de Tolhuaca, borrachito listado de Tolhuaca;Insecta;EN;;;;;;;;;;Sí
123;Euathlus affinis;Tarántula afín de Santiago;Arachnida;EN;;;;;;;;;;Sí
124;Eupsophus altor;Rana de hojarasca de Oncol;Amphibia;EN;;;;;;;;;;Sí
125;Eupsophus contulmoensis;Sapo de Contulmo;Amphibia;EN;;;;;;;;;;Sí
126;Eupsophus insularis;Sapo de Isla Mocha;Amphibia;EN-RARA;;;;;;;;;;Sí
127;Eupsophus migueli;Sapo de Miguel;Amphibia;EN-RARA;;;;;;;;;;Sí
128;Eupsophus nahuelbutensis;Sapo de Nahuelbuta;Amphibia;EN-RARA;;;;;;;;;;Sí
129;Eupsophus septentrionalis;Ranita de Los Queules;Amphibia;EN;;;;;;;;;;Sí
130;Exallococcus laureliae;Cochinilla de fieltro (genérico);Insecta;EN;;;;;;;;;;Sí
131;Falco sparverius fernandenzis;Cernícalo de Juan Fernández;Aves;EN;;;;;;;;;;Sí
132;Fernandezia bulimoides;Caracol terrestre de Juan Fernández;Gastropoda;EN;;;;;;;;;;Sí
133;Fernandezia conifera;Caracol terrestre de Juan Fernández;Gastropoda;EN;;;;;;;;;;Sí
134;Fernandezia consimilis;Caracol terrestre de Juan Fernández;Gastropoda;EN;;;;;;;;;;Sí
135;Fernandezia cylindrella;Caracol terrestre de Juan Fernández;Gastropoda;EN;;;;;;;;;;Sí
136;Fernandezia diaphana;Caracol terrestre de Juan Fernández;Gastropoda;EN;;;;;;;;;;Sí
137;Fernandezia expansa;Caracol terrestre de Juan Fernández;Gastropoda;EN;;;;;;;;;;Sí
138;Fernandezia inornata;Caracol terrestre de Juan Fernández;Gastropoda;EN;;;;;;;;;;Sí
139;Fernandezia longa;Caracol terrestre de Juan Fernández;Gastropoda;EN;;;;;;;;;;Sí
140;Fernandezia philippiana;Caracol terrestre de Juan Fernández;Gastropoda;EN;;;;;;;;;;Sí
141;Fernandezia splendida;Caracol terrestre de Juan Fernández;Gastropoda;EN;;;;;;;;;;Sí
142;Fernandezia tryoni;Caracol terrestre de Juan Fernández;Gastropoda;EN;;;;;;;;;;Sí
143;Fernandezia wilsoni;Caracol terrestre de Juan Fernández;Gastropoda;EN;;;;;;;;;;Sí
144;Galaxias globiceps;Puye;Actinopterygii;EN-RARA;;;;;;;;;;Sí
145;Gyriosomus angustus;Vaquita del desierto de Paposo;Insecta;EN;;;;;;;;;;Sí
146;Heleobia ascotanensis;Caracol;Gastropoda;EN;;;;;;;;;;Sí
147;Henicotherus francisca;No conocido;Insecta;EN;;;;;;;;;;Sí
148;Homoeomma orellanai;Tarántula enana de penacho amarillo, araña pollito;Arachnida;EN;;;;;;;;;;Sí
149;Insuetophrynus acarpicus;Sapo ;Amphibia;EN-RARA;;;;;;;;;;Sí
150;Lasia pulla;Mosca colibrí enana;Insecta;EN;;;;;;;;;;Sí
151;Liolaemus buergeri;Lagartija de Bürger;Reptilia;EN;;;;;;;;;;Sí
152;Liolaemus carlosgarini;Lagartija de Garín;Reptilia;EN;;;;;;;;;;Sí
153;Liolaemus chillanensis;Lagarto de Chillán;Reptilia;EN;;;;;;;;;;Sí
154;Liolaemus fabiani;Lagartija de Fabián;Reptilia;EN;;;;;;;;;;Sí
155;Liolaemus foxi;Lagartija de Fox;Reptilia;EN;;;;;;;;;;Sí
156;Liolaemus frassinettii;Lagartija del Cerro Cantillana, lagarto de Frassinetti;Reptilia;EN;;;;;;;;;;Sí
157;Liolaemus leftrarui;Lagartija de Leftraru, Leftraru’s Lizard (Inglés);Reptilia;EN;;;;;;;;;;Sí
158;Liolaemus leopardinus;Lagarto leopardo;Reptilia;EN;;;;;;;;;;Sí
159;Liolaemus manueli;Lagartija de Manuel;Reptilia;EN;;;;;;;;;;Sí
160;Liolaemus nigrocoeruleus;Lagartija negro azulada, Black Bluish Lizard (Inglés);Reptilia;EN;;;;;;;;;;Sí
161;Liolaemus poconchilensis;Lagarto de Poconchile;Reptilia;EN;;;;;;;;;;Sí
162;Liolaemus scorialis;Lagarto del escorial, Slag Lizard (Inglés);Reptilia;EN;;;;;;;;;;Sí
163;Liolaemus septentrionalis;Lagartija pintada septentrional, Northern Painted Lizard (Inglés);Reptilia;EN;;;;;;;;;;Sí
164;Liolaemus ubaghsi;Lagarto leopardo de Ubaghs, Ubaghs’ Leopard Lizard (Inglés);Reptilia;EN;;;;;;;;;;Sí
165;Liolaemus villaricensis;Lagartija;Reptilia;EN;;;;;;;;;;Sí
166;Luispenaia paposo;Pololo de Paposo;Insecta;EN;;;;;;;;;;Sí
167;Lycalopex fulvipes;Zorro de Chiloé;Mammalia;EN;;;;;;;;;;Sí
168;Lynceus huentelauquensis;Camarón almeja de Huentelauquén;Branchiopoda;EN;;;;;;;;;;Sí
169;Mordacia lapicida;Lamprea de agua dulce;Cephalaspidomorphi;EN;;;;;;;;;;Sí
170;Nematogenys inermis;Bagre grande;Actinopterygii;EN;;;;;;;;;;Sí
171;Neuquenaphis staryi;"No tiene, se propone ""pulgón del Ruíl""";Insecta;EN;;;;;;;;;;Sí
172;Nycterinus angusticollis;Insecto joya;Insecta;EN;;;;;;;;;;Sí
173;Nycterinus borealis;Cucaracho negro;Insecta;EN;;;;;;;;;;Sí
174;Nycterinus mannerheimi;Tenebrio de Mannerheim, teatino de Mannerheim;Insecta;EN;;;;;;;;;;Sí
175;Oogenius castilloi;;Insecta;EN;;;;;;;;;;Sí
176;Oogenius penai;;Insecta;EN;;;;;;;;;;Sí
177;Orestias ascotanensis;Karachi, orestias;Actinopterygii;EN;;;;;;;;;;Sí
178;Orestias chungarensis;Karachi, orestias;Actinopterygii;EN;;;;;;;;;;Sí
179;Orestias laucaensis;Karachi, orestias;Actinopterygii;EN;;;;;;;;;;Sí
180;Orestias parinacotensis;Karachi, orestias;Actinopterygii;EN;;;;;;;;;;Sí
181;Paropisthopatus umbrinus;Gusano aterciopelado, onicóforo (genérico);Udeonycophora;EN;;;;;;;;;;Sí
182;Percilia gillissi;Carmelita;Actinopterygii;EN;;;;;;;;;;Sí
183;Percilia irwini;Carmelita de Concepción;Actinopterygii;EN;;;;;;;;;;Sí
184;Phyllopetalia altarensis;;Insecta;EN;;;;;;;;;;Sí
185;Phymaturus bibronii;Matuasto de Bibron;Reptilia;EN;;;;;;;;;;Sí
186;Phymaturus darwini;Matuasto de Darwin, lagarto de cola gruesa;Reptilia;EN;;;;;;;;;;Sí
187;Phymaturus maulense;Matuasto;Reptilia;EN;;;;;;;;;;Sí
188;Plectostylus araucanus;Caracol de árbol araucano, caracol de árbol;Gastropoda;EN;;;;;;;;;;Sí
189;Praocis aenea;Vaquita;Insecta;EN;;;;;;;;;;Sí
190;Praocis bicentenario;Vaquita del bicentenario;Insecta;EN;;;;;;;;;;Sí
191;Pristidactylus valeriae;Gruñidor de Valeria;Reptilia;EN;;;;;;;;;;Sí
192;Pristidactylus volcanensis;Gruñidor de El Volcán;Reptilia;EN;;;;;;;;;;Sí
193;Pterodroma externa;Fardela blanca de Juan Fernández, petrel de Juan Fernández;Aves;EN;;;;;;;;;;Sí
194;Pterodroma longirostris;Fardela de Más Afuera;Aves;EN;;;;;;;;;;Sí
195;Ptychodon oculta;Caracol terrestre Ptychodon;Gastropoda;EN;;;;;;;;;;Sí
196;Ptychodon skottsberg;Caracol terrestre Ptychodon;Gastropoda;EN;;;;;;;;;;Sí
197;Scotobius planicosta;;Insecta;EN;;;;;;;;;;Sí
198;Succinea fragilis;Caracol terrestre Succinea;Gastropoda;EN;;;;;;;;;;Sí
199;Succinea mamillata;Caracol terrestre Succinea;Gastropoda;EN;;;;;;;;;;Sí
200;Succinea pinguis;Caracol terrestre Succinea;Gastropoda;EN;;;;;;;;;;Sí
201;Telmatobius pefauri;Sapo de Pefaur;Amphibia;EN-RARA;;;;;;;;;;Sí
202;Telmatobius philippii;Sapo de Philippi;Amphibia;EN;;;;;;;;;;Sí
203;Telmatobius zapahuirensis;Sapo de Zapahuira;Amphibia;EN-RARA;;;;;;;;;;Sí
204;Telmatobufo ignotus;Rana montana de Los Queules;Amphibia;EN;;;;;;;;;;Sí
205;Telmatobufo venustus;Sapo hermoso;Amphibia;EN;;;;;;;;;;Sí
206;Tornatellina minuta;Caracol terrestre Tornatellina;Gastropoda;EN;;;;;;;;;;Sí
207;Trichomycterus chiltoni;Bagrecito;Actinopterygii;EN-RARA;;;;;;;;;;Sí
208;Trichomycterus chungaraensis;Bagrecito;Actinopterygii;EN-RARA;;;;;;;;;;Sí
209;Trichomycterus laucaensis;Bagrecito;Actinopterygii;EN;;;;;;;;;;Sí
210;Trichomycterus rivulatus;Bagrecito;Actinopterygii;EN-RARA;;;;;;;;;;Sí
211;Uretacris lilai;Langosta de Ureta, langosta de Lila, langosta de La Chimba;Insecta;EN;;;;;;;;;;Sí
212;Valdiviomyia gigantea;Mosca florícola valdiviana gigante;Insecta;EN;;;;;;;;;;Sí
213;Virilastacus rucapihuelensis;Camarón;Malacostraca;EN;;;;;;;;;;Sí
214;Hippocamelus bisulcus;huemul, taruca, wümul, güemul, shoan, shoen, trula, hueque, ciervo sur andino;Mammalia;EN;1000 genomas: el proyecto que busca construir el inventario más completo de la biodiversidad de Chile;Pontificia Universidad Católica de Chile;https://biologia.uc.cl/1000-genomas-el-proyecto-que-busca-construir-el-inventario-mas-completo-de-la-biodiversidad-de-chile/;1;1;Nacional;0;Científico / Educativo;0;No
214;Hippocamelus bisulcus;huemul, taruca, wümul, güemul, shoan, shoen, trula, hueque, ciervo sur andino;Mammalia;EN;Chile levanta el mayor registro genético de su biodiversidad;EL PAÍS;https://elpais.com/chile/2025-10-20/chile-levanta-el-mayor-registro-genetico-de-su-biodiversidad.html;0;1;Nacional;0;Científico / Educativo;0;No
214;Hippocamelus bisulcus;huemul, taruca, wümul, güemul, shoan, shoen, trula, hueque, ciervo sur andino;Mammalia;EN;El pingüino de Humboldt es declarado Monumento Natural de Chile;ELPINGUINO.COM;https://www.elpinguino.com/noticia/2026/02/16/el-pinguino-de-humboldt-es-declarado-monumento-natural-de-chile;1;1;Nacional;0;Conservación / Positivo;0;No
214;Hippocamelus bisulcus;huemul, taruca, wümul, güemul, shoan, shoen, trula, hueque, ciervo sur andino;Mammalia;EN;Dispersión forzada y ausencia de planificación metapoblacional en la conservación del huemul;Universidad Austral de Chile;https://diario.uach.cl/dispersion-forzada-y-ausencia-de-planificacion-metapoblacional-en-la-conservacion-del-huemul/;1;1; Nacional;1; Denuncia/Conflicto;1;No
214;Hippocamelus bisulcus;huemul, taruca, wümul, güemul, shoan, shoen, trula, hueque, ciervo sur andino;Mammalia;EN;Senda del Huemul 2026 refuerza compromiso por la conservación en Parque Cerro Castillo;Diario Sostenible;https://www.diariosostenible.cl/noticia/actualidad/2026/03/senda-del-huemul-2026-refuerza-compromiso-por-la-conservacion-en-parque-cerro-castillo;1;1; Nacional;1; Conservación/Positivo;1;No
214;Hippocamelus bisulcus;huemul, taruca, wümul, güemul, shoan, shoen, trula, hueque, ciervo sur andino;Mammalia;EN;Inaugura primer centro de rescate del huemul del sur para proteger al ciervo más austral del mundo;El Mostrador;https://www.elmostrador.cl/agenda-pais/agenda-sustentable/2025/10/27/inaugura-primer-centro-de-rescate-del-huemul-del-sur-para-proteger-al-ciervo-mas-austral-del-mundo/;1;1; Nacional;1; Conservación/Positivo;1;No
214;Hippocamelus bisulcus;huemul, taruca, wümul, güemul, shoan, shoen, trula, hueque, ciervo sur andino;Mammalia;EN;Senda del Huemul 2026 refuerza compromiso por la conservación en Parque Cerro Castillo;Diario Regional Aysén;https://www.diarioregionalaysen.cl/noticia/diario-sostenible/2026/03/senda-del-huemul-2026-refuerza-compromiso-por-la-conservacion-en-parque-cerro-castillo;1;1; Nacional;1; Conservación/Positivo;1;No
214;Hippocamelus bisulcus;huemul, taruca, wümul, güemul, shoan, shoen, trula, hueque, ciervo sur andino;Mammalia;EN;Desarrollo productivo y protección del huemul marcan cierre de programas FIC en la Reserva de la Biósfera;La Discusión;https://ladiscusion.cl/desarrollo-productivo-y-proteccion-del-huemul-marcan-cierre-de-programas-fic-en-la-reserva-de-la-biosfera/;1;1; Nacional;1; Conservación/Positivo;1;No
215;Rhinoderma darwinii;ranita de Darwin;Amphibia;EN;Revelan cómo el hongo quítrido se propaga y empuja a la ranita de Darwin a la extinción en Chile;El Mostrador;https://www.elmostrador.cl/agenda-pais/agenda-sustentable/2026/01/09/revelan-como-el-hongo-quitrido-se-propaga-y-empuja-a-la-ranita-de-darwin-a-la-extincion-en-chile/;1;1;Nacional;1;Conservación / Positivo;1;No
215;Rhinoderma darwinii;ranita de Darwin;Amphibia;EN;Contra ranita de Darwin, pingüino de Humboldt y áreas protegidas: Kast defiende retiro de 43 decretos medioambientales;Interferencia |;https://interferencia.cl/articulos/contra-ranita-de-darwin-pinguino-de-humboldt-y-areas-protegidas-kast-defiende-retiro-de-43;0;1;Nacional;1;Denuncia / Conflicto;1;No
215;Rhinoderma darwinii;ranita de Darwin;Amphibia;EN;Revelan cómo el hongo quítrido se propaga y empuja a la ranita de Darwin a la extinción en Chile;El Mostrador;https://www.elmostrador.cl/agenda-pais/agenda-sustentable/2026/01/09/revelan-como-el-hongo-quitrido-se-propaga-y-empuja-a-la-ranita-de-darwin-a-la-extincion-en-chile/;0;1;Nacional;1;Científico / Educativo;1;No
215;Rhinoderma darwinii;ranita de Darwin;Amphibia;EN;"Oceana: Los pingüinos de Humboldt ""están en peligro"", no tienen el mismo tiempo que los gobiernos";Universidad de Chile;https://radio.uchile.cl/2026/03/19/oceana-los-pinguinos-de-humboldt-estan-en-peligro-no-tienen-el-mismo-tiempo-que-los-gobiernos/;1;1;Nacional;1;Conservación / Positivo;0;No
215;Rhinoderma darwinii;ranita de Darwin;Amphibia;EN;Retiran decreto que protegía al pingüino de Humboldt;El Ovallino;https://www.elovallino.cl/retiran-decreto-que-protegia-al-pinguino-de-humboldt/;0;1;Nacional;1;Denuncia / Conflicto;0;No
215;Rhinoderma darwinii;ranita de Darwin;Amphibia;EN;¿Sin protección?: Ranita de Darwin y Pingüino de Humboldt, las dos especies icónicas de Chile en medio del debate ambiental;Publimetro;https://www.publimetro.cl/noticias/2026/03/17/sin-proteccion-ranita-de-darwin-y-pinguino-de-humboldt-las-dos-especies-iconicas-de-chile-en-medio-del-debate-ambiental/;1;1;Nacional;1;Denuncia / Conflicto;0;No
215;Rhinoderma darwinii;ranita de Darwin;Amphibia;EN;Protección del pingüino de Humboldt y descontaminación del lago Villarrica: las razones del Ejecutivo para retirar 43 decretos ambientales;El Dínamo;https://www.eldinamo.cl/sociedad/medio-ambiente/2026/03/17/proteccion-del-pinguino-de-humboldt-y-descontaminacion-del-lago-villarrica-las-razones-del-ejecutivo-para-retirar-43-decretos-ambientales/;1;1;Nacional;1;Denuncia/Conflicto;0;No
215;Rhinoderma darwinii;ranita de Darwin;Amphibia;EN;Gobierno retira más de 40 decretos ambientales que creaban parques nacionales y otorgaban protección a la ranita de Darwin y el pingüino de Humboldt;The Clinic;https://www.theclinic.cl/2026/03/17/gobierno-retira-mas-de-40-decretos-ambientales-que-creaban-parques-nacionales-y-otorgaban-proteccion-a-la-ranita-de-darwin-y-el-pinguino-de-humboldt/;1;1;Nacional;1;Denuncia/Conflicto;0;No
215;Rhinoderma darwinii;ranita de Darwin;Amphibia;EN;Pingüino de Humboldt y ranita de Darwin: Revisa el estado actual de los 43 decretos ambientales retirados por Kast;El Desconcierto;https://eldesconcierto.cl/2026/03/20/pinguino-de-humboldt-y-ranita-de-darwin-revisa-el-estado-actual-de-los-43-decretos-ambientales-retirados-por-kast;1;1;Nacional;1;Conservación/Positivo;0;No
215;Rhinoderma darwinii;ranita de Darwin;Amphibia;EN;Debate ambiental en Chile: Ranita de Darwin y Pingüino de Humboldt en riesgo;Radio Canal 95;https://www.canal95.cl/nacional/debate-ambiental-chile-ranita-darwin-pinguino-humboldt-riesgo;1;1;Nacional;1;Denuncia/Conflicto;0;No
215;Rhinoderma darwinii;ranita de Darwin;Amphibia;EN;Gobierno retira más de 40 decretos ambientales: Entre ellos la protección a Ranita de Darwin y Pingüino de Humboldt;Meganoticias;https://www.meganoticias.cl/nacional/517253-gobierno-retira-mas-de-40-decretos-ambientales-proteccion-ranita-de-darwin-pinguino-de-humboldt-17-3-2026.html;1;1; Nacional;1; Denuncia/Conflicto;0;No
215;Rhinoderma darwinii;ranita de Darwin;Amphibia;EN;“Desde hoy en adelante no usaré desodorante, sólo Tanax”: insecticida se vuelve viral por crítica a retiro de decreto que protegía a Pingüino de Humboldt y Ranita de Darwin;Publimetro;https://www.publimetro.cl/social/2026/03/18/desde-hoy-en-adelante-no-usare-desodorante-solo-tanax-insecticida-se-vuelve-viral-por-critica-a-retiro-de-decreto-que-protegia-a-pinguino-de-humboldt-y-ranita-de-darwin/;1;1; Nacional;1; Denuncia/Conflicto;0;No
215;Rhinoderma darwinii;ranita de Darwin;Amphibia;EN;La ranita descubierta por Charles Darwin en Chile busca salvarse de la extinción;EL PAÍS;https://elpais.com/chile/2026-02-23/la-ranita-descubierta-por-charles-darwin-en-chile-busca-salvarse-de-la-extincion.html;1;1; Nacional;1; Conservación/Positivo;1;No
215;Rhinoderma darwinii;ranita de Darwin;Amphibia;EN;Hongo letal amenaza la supervivencia de la ranita de Darwin;Noticias UNAB;https://noticias.unab.cl/investigacion-con-sello-unab-revela-como-un-hongo-letal-amenaza-la-supervivencia-de-la-ranita-de-darwin/;0;1; Nacional;1; Científico/Educativo;1;No
215;Rhinoderma darwinii;ranita de Darwin;Amphibia;EN;Ranita de Darwin: La increíble historia de su viaje a Londres para salvarlas de la extinción;Cooperativa Ciencia;https://www.cooperativaciencia.cl/radiociencia/2026/03/20/ranita-de-darwin-la-increible-historia-de-su-viaje-a-londres-para-salvarlas-de-una-epidemia-en-2024/;1;1; Nacional;1; Conservación/Positivo;0;No
215;Rhinoderma darwinii;ranita de Darwin;Amphibia;EN;Dilucidan cómo una enfermedad está extinguiendo a la ranita de Darwin: ya mató a su especie hermana;BioBioChile;https://www.biobiochile.cl/noticias/ciencia-y-tecnologia/ciencia/2026/01/08/dilucidan-como-una-enfermedad-esta-extinguiendo-a-la-ranita-de-darwin-ya-mato-a-su-especie-hermana.shtml;0;1; Nacional;1; Científico/Educativo;1;No
215;Rhinoderma darwinii;ranita de Darwin;Amphibia;EN;Descubren nueva población de ranita de Darwin en zona amenazada por construcción de carretera eléctrica en Chiloé;El Desconcierto;https://eldesconcierto.cl/2026/02/21/descubren-nueva-poblacion-de-ranita-de-darwin-en-zona-amenazada-por-construccion-de-carretera-electrica-en-chiloe;0;1; Nacional;1; Denuncia/Conflicto;1;No
215;Rhinoderma darwinii;ranita de Darwin;Amphibia;EN;Científico chileno lidera estudio clave sobre la extinción de la ranita de Darwin;24horas;https://www.24horas.cl/conciencia-24-7/ciencia/cientifico-chileno-estudio-extincion-ranita-darwin;0;1; Nacional;1; Científico/Educativo;1;No
215;Rhinoderma darwinii;ranita de Darwin;Amphibia;EN;Alianza internacional en Huilo Huilo busca proteger a la Ranita de Darwin de hongo letal;Cooperativa.cl;https://www.cooperativa.cl/noticias/sociedad/fauna/alianza-internacional-en-huilo-huilo-busca-proteger-a-la-ranita-de/2026-02-06/124716.html;0;1; Nacional;1; Conservación/Positivo;1;No
215;Rhinoderma darwinii;ranita de Darwin;Amphibia;EN;Guardabosques chilenos y Zoólogico de Londres buscan salvar a la ranita de Darwin de la extinción;ADN Radio;https://www.adnradio.cl/2026/02/23/guardabosques-chilenos-y-zoologico-de-londres-buscan-salvar-a-la-ranita-de-darwin-de-la-extincion/;1;1; Nacional;1; Conservación/Positivo;1;No
215;Rhinoderma darwinii;ranita de Darwin;Amphibia;EN;Científico chileno lidera estudio que revela cómo un hongo letal está extinguiendo a la ranita de Darwin;Cooperativa Ciencia;https://www.cooperativaciencia.cl/medio-ambiente/2026/01/02/cientifico-chileno-lidera-estudio-que-revela-como-un-hongo-letal-esta-extinguiendo-a-la-ranita-de-darwin/;1;1; Nacional;1; Científico/Educativo;1;No
215;Rhinoderma darwinii;ranita de Darwin;Amphibia;EN;Investigación chilena descubre cómo un hongo invasivo provoca epidemias letales en anfibios terrestres;BioBioChile;https://www.biobiochile.cl/noticias/ciencia-y-tecnologia/ciencia/2026/01/26/investigacion-chilena-descubre-como-un-hongo-invasivo-provoca-epidemias-letales-en-anfibios-terrestres.shtml;0;1; Nacional;1; Científico/Educativo;1;No
215;Rhinoderma darwinii;ranita de Darwin;Amphibia;EN;Alianza en la Reserva Biológica Huilo Huilo busca proteger a la ranita de Darwin de la extinción;Cooperativa Ciencia;https://www.cooperativaciencia.cl/medio-ambiente/2026/02/05/alianza-en-la-reserva-biologica-huilo-huilo-busca-proteger-a-la-ranita-de-darwin-de-la-extincion/;1;1; Nacional;1; Conservación/Positivo;1;No
215;Rhinoderma darwinii;ranita de Darwin;Amphibia;EN;Descubren nueva población de Ranita de Darwin en Villarrica;Cooperativa Ciencia;https://www.cooperativaciencia.cl/medio-ambiente/2025/09/25/descubren-nueva-poblacion-de-ranita-de-darwin-en-villarrica/;1;1; Nacional;1; Conservación/Positivo;1;No
216;Spheniscus humboldti;pingüino de Humboldt, pingüino, pájaro niño, patranka, Humboldt Penguin (inglés), Peruvian penguin (inglés);Aves;EN;Chile: Gobierno frena protección del pingüino de Humboldt;dw.com;https://www.dw.com/es/chile-nuevo-gobierno-frena-protecci%C3%B3n-del-ping%C3%BCino-de-humboldt/a-76420241;0;1;Nacional;1;Denuncia / Conflicto;1;No
216;Spheniscus humboldti;pingüino de Humboldt, pingüino, pájaro niño, patranka, Humboldt Penguin (inglés), Peruvian penguin (inglés);Aves;EN;Ministra Rojas expone dramático estado del pingüino de Humboldt, lagarto gruñidor y otras 70 especies;El Desconcierto;https://eldesconcierto.cl/2025/10/18/ministra-rojas-expone-dramatico-estado-del-pinguino-de-humboldt-lagarto-grunidor-y-otras-70-especies;0;1;Nacional;1;Alarma / Crisis;1;No
216;Spheniscus humboldti;pingüino de Humboldt, pingüino, pájaro niño, patranka, Humboldt Penguin (inglés), Peruvian penguin (inglés);Aves;EN;Pingüino de Humboldt y lagarto gruñidor en peligro;Diario Sustentable;https://www.diariosustentable.com/2025/10/pinguino-de-humboldt-lagarto-grunidor-y-plantas-endemicas-de-juan-fernandez-aumentan-su-riesgo-de-extincion-en-chile/;0;1;nacional;1;Alarma / Crisis;1;No
216;Spheniscus humboldti;pingüino de Humboldt, pingüino, pájaro niño, patranka, Humboldt Penguin (inglés), Peruvian penguin (inglés);Aves;EN;Especies en riesgo: pingüino de Humboldt, lagarto de Álvaro y plantas de Juan Fernández en alerta;El Mostrador;https://www.elmostrador.cl/agenda-pais/agenda-sustentable/2025/10/28/especies-en-riesgo-pinguino-de-humboldt-lagarto-de-alvaro-y-plantas-de-juan-fernandez-en-alerta/;0;1;Nacional;1;Alarma / Crisis;1;No
216;Spheniscus humboldti;pingüino de Humboldt, pingüino, pájaro niño, patranka, Humboldt Penguin (inglés), Peruvian penguin (inglés);Aves;EN;Consejo de Ministros declara al pingüino de Humboldt como Monumento Natural para aumentar su protección;MMA – Ministerio del Medio Ambiente;https://mma.gob.cl/consejo-de-ministros-declara-al-pinguino-de-humboldt-como-monumento-natural-para-aumentar-su-proteccion/;1;1;Nacional;1;Conservación / Positivo;1;No
216;Spheniscus humboldti;pingüino de Humboldt, pingüino, pájaro niño, patranka, Humboldt Penguin (inglés), Peruvian penguin (inglés);Aves;EN;Bucea como un profesional, pero tiene el corazón frágil: los 4 datos sobre el pingüino de Humboldt;nationalgeographicla.com;https://www.nationalgeographicla.com/animales/2026/01/bucea-como-un-profesional-pero-tiene-el-corazon-fragil-los-4-datos-sobre-el-pinguino-de-humboldt;1;1;Internacional;1;Científico / Educativo;1;No
216;Spheniscus humboldti;pingüino de Humboldt, pingüino, pájaro niño, patranka, Humboldt Penguin (inglés), Peruvian penguin (inglés);Aves;EN;Pingüino de Humboldt en peligro de extinción: el 80% de la población mundial de esta especie habita en Chile.;greenpeace.org;https://www.greenpeace.org/chile/noticia/issues/oceanos/pinguino-de-humboldt-en-peligro-de-extincion-el-80-de-la-poblacion-mundial-de-esta-especie-habita-en-chile/;0;1;Nacional;1;Alarma / Crisis;1;No
216;Spheniscus humboldti;pingüino de Humboldt, pingüino, pájaro niño, patranka, Humboldt Penguin (inglés), Peruvian penguin (inglés);Aves;EN;Chile inicia proceso para declarar Monumento Natural al pingüino de Humboldt;ELPINGUINO.COM;https://elpinguino.com/noticia/2026/01/23/chile-inicia-proceso-para-declarar-monumento-natural-al-pinguino-de-humboldt;1;1;Nacional;1;Conservación / Positivo;1;No
216;Spheniscus humboldti;pingüino de Humboldt, pingüino, pájaro niño, patranka, Humboldt Penguin (inglés), Peruvian penguin (inglés);Aves;EN;Reactivan permiso ambiental de Dominga mientras crece incertidumbre por protección del pingüino de Humboldt;Ladera Sur;https://laderasur.com/articulo/reactivan-permiso-ambiental-de-dominga-mientras-crece-incertidumbre-por-proteccion-del-pinguino-de-humboldt/;1;1;Nacional;1;Denuncia / Conflicto;1;No
216;Spheniscus humboldti;pingüino de Humboldt, pingüino, pájaro niño, patranka, Humboldt Penguin (inglés), Peruvian penguin (inglés);Aves;EN;Declaran al pingüino de Humboldt como Monumento Natural de especie en todo Chile;Universidad de Chile;https://radio.uchile.cl/2026/02/14/declaran-al-pinguino-de-humboldt-como-monumento-natural-de-especie-en-todo-chile/;1;1;Nacional;1;Conservación / Positivo;1;No
216;Spheniscus humboldti;pingüino de Humboldt, pingüino, pájaro niño, patranka, Humboldt Penguin (inglés), Peruvian penguin (inglés);Aves;EN;Pingüino de Humboldt ya es Monumento Natural en Chile;Identidad y Futuro;https://identidadyfuturo.cl/2026/03/12/pinguino-de-humboldt-monumento-natural-chile/;1;1;Nacional;1;Conservación / Positivo;1;No
216;Spheniscus humboldti;pingüino de Humboldt, pingüino, pájaro niño, patranka, Humboldt Penguin (inglés), Peruvian penguin (inglés);Aves;EN;Especialistas UdeC analizan impacto ambiental que pone en riesgo al pingüino de Humboldt;Noticias UdeC;https://noticias.udec.cl/especialistas-udec-analizan-impacto-ambiental-que-pone-en-riesgo-al-pinguino-de-humboldt/;1;1;Nacional;1;Científico / Educativo;1;No
216;Spheniscus humboldti;pingüino de Humboldt, pingüino, pájaro niño, patranka, Humboldt Penguin (inglés), Peruvian penguin (inglés);Aves;EN;Uno de los últimos refugios del Pingüino de Humboldt que debes visitar el 2026;Chile Travel;https://chile.travel/blog/uno-de-los-ultimos-refugios-del-pinguino-de-humboldt-que-debes-visitar-el-2026/;0;1;Nacional;1;Turismo / Difusión;1;No
216;Spheniscus humboldti;pingüino de Humboldt, pingüino, pájaro niño, patranka, Humboldt Penguin (inglés), Peruvian penguin (inglés);Aves;EN;Contra ranita de Darwin, pingüino de Humboldt y áreas protegidas: Kast defiende retiro de 43 decretos medioambientales;Interferencia |;https://interferencia.cl/articulos/contra-ranita-de-darwin-pinguino-de-humboldt-y-areas-protegidas-kast-defiende-retiro-de-43;0;1;Nacional;1;Denuncia / Conflicto;1;No
216;Spheniscus humboldti;pingüino de Humboldt, pingüino, pájaro niño, patranka, Humboldt Penguin (inglés), Peruvian penguin (inglés);Aves;EN;El pingüino de Humboldt es declarado Monumento Natural de Chile;ELPINGUINO.COM;https://www.elpinguino.com/noticia/2026/02/16/el-pinguino-de-humboldt-es-declarado-monumento-natural-de-chile;1;1;Nacional;1;Conservación / Positivo;1;No
216;Spheniscus humboldti;pingüino de Humboldt, pingüino, pájaro niño, patranka, Humboldt Penguin (inglés), Peruvian penguin (inglés);Aves;EN;"Oceana: Los pingüinos de Humboldt ""están en peligro"", no tienen el mismo tiempo que los gobiernos";Universidad de Chile;https://radio.uchile.cl/2026/03/19/oceana-los-pinguinos-de-humboldt-estan-en-peligro-no-tienen-el-mismo-tiempo-que-los-gobiernos/;0;1;Nacional;1;Denuncia / Conflicto;1;No
216;Spheniscus humboldti;pingüino de Humboldt, pingüino, pájaro niño, patranka, Humboldt Penguin (inglés), Peruvian penguin (inglés);Aves;EN;"Experto advierte qué pasaría si se extingue el pingüino de Humboldt: ""Sería un tremendo impacto""";BioBioChile;https://www.biobiochile.cl/noticias/ciencia-y-tecnologia/medio-ambiente-cyt/2026/03/18/experto-advierte-que-pasaria-si-se-extingue-el-pinguino-de-humboldt-seria-un-tremendo-impacto.shtml;1;1;Nacional;1;Denuncia / Conflicto;1;No
216;Spheniscus humboldti;pingüino de Humboldt, pingüino, pájaro niño, patranka, Humboldt Penguin (inglés), Peruvian penguin (inglés);Aves;EN;Pingüino de Humboldt pasa a “en peligro” en Chile y alerta a especialistas;ELPINGUINO.COM;https://elpinguino.com/noticia/2025/10/24/pinguino-de-humboldt-pasa-a-en-peligro-en-chile-y-alerta-a-especialistas;1;1;Nacional;1;Alarma / Crisis;1;No
216;Spheniscus humboldti;pingüino de Humboldt, pingüino, pájaro niño, patranka, Humboldt Penguin (inglés), Peruvian penguin (inglés);Aves;EN;¡Últimos días! El pingüino de Humboldt necesita tu ayuda: Así puedes apoyar su declaratoria como Monumento Natural de Chile;Ladera Sur;https://laderasur.com/articulo/ultimos-dias-el-pinguino-de-humboldt-necesita-tu-ayuda-asi-puedes-apoyar-su-declaratoria-como-monumento-natural-de-chile/;1;1;Nacional;1;Conservación / Positivo;1;No
216;Spheniscus humboldti;pingüino de Humboldt, pingüino, pájaro niño, patranka, Humboldt Penguin (inglés), Peruvian penguin (inglés);Aves;EN;Declaran al pingüino de Humboldt como Monumento Natural: ¿qué implica esta categoría?;Teletrece;https://www.t13.cl/noticia/nacional/declaran-al-pinguino-humboldt-como-monumento-natural-implica-esta-categoria-15-2-2026;1;1;Nacional;1;Conservación / Positivo;1;No
216;Spheniscus humboldti;pingüino de Humboldt, pingüino, pájaro niño, patranka, Humboldt Penguin (inglés), Peruvian penguin (inglés);Aves;EN;"Experto y retiro de decreto que protegía al pingüino de Humboldt: ""argumentos eran bastante sólidos""";BioBioChile;https://www.biobiochile.cl/noticias/ciencia-y-tecnologia/medio-ambiente-cyt/2026/03/17/experto-y-retiro-de-decreto-que-protegia-al-pinguino-de-humboldt-argumentos-eran-bastante-solidos.shtml;1;1;Nacional;1;Denuncia / Conflicto;1;No
216;Spheniscus humboldti;pingüino de Humboldt, pingüino, pájaro niño, patranka, Humboldt Penguin (inglés), Peruvian penguin (inglés);Aves;EN;Pingüino de Humboldt: El llamado a proteger a esta especie en peligro de conservación;Cooperativa Ciencia;https://www.cooperativaciencia.cl/medio-ambiente/2026/01/20/pinguino-de-humboldt-el-llamado-a-proteger-a-esta-especie-en-peligro-de-conservacion/;1;1;Nacional;1;Alarma / Crisis;1;No
216;Spheniscus humboldti;pingüino de Humboldt, pingüino, pájaro niño, patranka, Humboldt Penguin (inglés), Peruvian penguin (inglés);Aves;EN;Chile declara al pingüino de Humboldt Monumento Natural y refuerza su protección en todo el país;El Mostrador;https://www.elmostrador.cl/agenda-pais/agenda-sustentable/2026/02/19/chile-declara-al-pinguino-de-humboldt-monumento-natural-y-refuerza-su-proteccion-en-todo-el-pais/;1;1;Nacional;1;Conservación / Positivo;1;No
216;Spheniscus humboldti;pingüino de Humboldt, pingüino, pájaro niño, patranka, Humboldt Penguin (inglés), Peruvian penguin (inglés);Aves;EN;Chile declara oficialmente al pingüino de Humboldt en peligro de extinción: ¿se puede recuperar?;BioBioChile;https://www.biobiochile.cl/noticias/ciencia-y-tecnologia/ciencia/2025/10/23/chile-declara-oficialmente-al-pinguino-de-humboldt-en-peligro-de-extincion-se-puede-recuperar.shtml;1;1;Nacional;1;Alarma / Crisis;1;No
216;Spheniscus humboldti;pingüino de Humboldt, pingüino, pájaro niño, patranka, Humboldt Penguin (inglés), Peruvian penguin (inglés);Aves;EN;"Registran por primera vez un pingüino de Humboldt albino en Chile: ""Queda más expuesto a depredadores""";BioBioChile;https://www.biobiochile.cl/noticias/ciencia-y-tecnologia/ciencia/2026/01/20/registran-por-primera-vez-un-pinguino-de-humboldt-albino-en-chile-queda-mas-expuesto-a-depredadores.shtml;1;1;Nacional;1;Científico / Educativo;1;No
216;Spheniscus humboldti;pingüino de Humboldt, pingüino, pájaro niño, patranka, Humboldt Penguin (inglés), Peruvian penguin (inglés);Aves;EN;Últimos días para apoyar: el pingüino de Humboldt necesita tu ayuda para ser Monumento Natural de Chile;Teletrece;https://www.t13.cl/noticia/nacional/ultimos-dias-para-apoyar-pinguino-humboldt-necesita-tu-ayuda-para-ser-monumento-29-1-2026;1;1;Nacional;1;Conservación / Positivo;1;No
216;Spheniscus humboldti;pingüino de Humboldt, pingüino, pájaro niño, patranka, Humboldt Penguin (inglés), Peruvian penguin (inglés);Aves;EN;Pingüino de Humboldt es declarado Monumento Natural en Chile;Diario Sostenible;https://www.diariosostenible.cl/noticia/premios-y-reconocimientos/2026/02/pinguino-de-humboldt-es-declarado-monumento-natural-en-chile;1;1;Nacional;1;Conservación / Positivo;1;No
216;Spheniscus humboldti;pingüino de Humboldt, pingüino, pájaro niño, patranka, Humboldt Penguin (inglés), Peruvian penguin (inglés);Aves;EN;Chile abre consulta ciudadana para declarar Monumento Natural al pingüino de Humboldt: Cómo participar;El Desconcierto;https://eldesconcierto.cl/2026/01/23/chile-abre-consulta-ciudadana-para-declarar-monumento-natural-al-pinguino-de-humboldt-como-participar;1;1;Nacional;1;Conservación / Positivo;1;No
216;Spheniscus humboldti;pingüino de Humboldt, pingüino, pájaro niño, patranka, Humboldt Penguin (inglés), Peruvian penguin (inglés);Aves;EN;Pingüino de Humboldt es declarado Monumento Natural en Chile: ¿qué significa?;Canal 13;https://www.13.cl/c/programas/espacio-13c/pinguino-de-humboldt-es-declarado-monumento-natural-en-chile-que-significa;1;1;Nacional;1;Conservación / Positivo;1;No
216;Spheniscus humboldti;pingüino de Humboldt, pingüino, pájaro niño, patranka, Humboldt Penguin (inglés), Peruvian penguin (inglés);Aves;EN;Pingüino de Humboldt En Peligro: “La nueva clasificación muestra que debemos tomar acciones para cuidar la corriente de Humboldt”;Ladera Sur;https://laderasur.com/articulo/pinguino-de-humboldt-en-peligro-la-nueva-clasificacion-muestra-que-debemos-tomar-acciones-para-cuidar-la-corriente-de-humboldt/;1;1;Nacional;1;Científico / Educativo;1;No
216;Spheniscus humboldti;pingüino de Humboldt, pingüino, pájaro niño, patranka, Humboldt Penguin (inglés), Peruvian penguin (inglés);Aves;EN;Expertos alertan grave disminución del pingüino de Humboldt en Chile: quedan menos de 20 mil ejemplares;ADN Radio;https://www.adnradio.cl/2025/11/11/expertos-alertan-grave-disminucion-del-pinguino-de-humboldt-en-chile-quedan-menos-de-20-mil-ejemplares/;1;1;Nacional;1;Alarma / Crisis;1;No
216;Spheniscus humboldti;pingüino de Humboldt, pingüino, pájaro niño, patranka, Humboldt Penguin (inglés), Peruvian penguin (inglés);Aves;EN;Investigación registró primer hallazgo de pingüino de Humboldt albino en la Región del Biobío;El Mostrador;https://www.elmostrador.cl/cultura/2026/01/22/investigacion-registro-primer-hallazgo-de-pinguino-de-humboldt-albino-en-la-region-del-biobio/;1;1;Nacional;1;Científico / Educativo;1;No
216;Spheniscus humboldti;pingüino de Humboldt, pingüino, pájaro niño, patranka, Humboldt Penguin (inglés), Peruvian penguin (inglés);Aves;EN;Retiran decreto que buscaba declarar Monumento Natural al pingüino de Humboldt;El Mostrador;https://www.elmostrador.cl/agenda-pais/2026/03/17/retiran-decreto-que-buscaba-declarar-monumento-natural-al-pinguino-de-humboldt/;0;1;Nacional;1;Denuncia / Conflicto;1;No
216;Spheniscus humboldti;pingüino de Humboldt, pingüino, pájaro niño, patranka, Humboldt Penguin (inglés), Peruvian penguin (inglés);Aves;EN;Tras retiro de decretos: ¿cuál es la importancia del Pingüino de Humboldt en el equilibrio del océano?;BioBioChile;https://www.biobiochile.cl/noticias/bbcl-explica/bbcl-explica-notas/2026/03/18/tras-retiro-de-decretos-cual-es-la-importancia-del-pinguino-de-humboldt-en-el-equilibrio-del-oceano.shtml;1;1;Nacional;1;Científico / Educativo;1;No
216;Spheniscus humboldti;pingüino de Humboldt, pingüino, pájaro niño, patranka, Humboldt Penguin (inglés), Peruvian penguin (inglés);Aves;EN;El Pingüino de Humboldt: Más que un símbolo, una urgencia de conservación. Por Carlos Flores Olivares. Docente Investigador de Medicina Veterinaria, Universidad del Alba;G5noticias;https://g5noticias.cl/2026/03/09/el-pinguino-de-humboldt-mas-que-un-simbolo-una-urgencia-de-conservacion-por-carlos-flores-olivares-docente-investigador-de-medicina-veterinaria-universidad-del-alba/;1;1;Nacional;1;Científico / Educativo;0;No
216;Spheniscus humboldti;pingüino de Humboldt, pingüino, pájaro niño, patranka, Humboldt Penguin (inglés), Peruvian penguin (inglés);Aves;EN;Pingüino de Humboldt y especies endémicas en Chile aumentan riesgo de extinción;Cooperativa Ciencia;https://www.cooperativaciencia.cl/medio-ambiente/2025/10/20/pinguino-de-humboldt-y-especies-endemicas-en-chile-aumentan-riesgo-de-extincion/;1;1;Nacional;1;Alarma / Crisis;1;No
216;Spheniscus humboldti;pingüino de Humboldt, pingüino, pájaro niño, patranka, Humboldt Penguin (inglés), Peruvian penguin (inglés);Aves;EN;Estas son las mejores partes de Chile donde se puede ver al pingüino de Humboldt;elnortero.cl;https://www.elnortero.cl/noticia/sociedad/estas-son-las-mejores-partes-de-chile-donde-se-puede-ver-al-pingueino-de-humboldt;1;1;Nacional;1;Conservación / Positivo;1;No
216;Spheniscus humboldti;pingüino de Humboldt, pingüino, pájaro niño, patranka, Humboldt Penguin (inglés), Peruvian penguin (inglés);Aves;EN;Retiran decreto que protegía al pingüino de Humboldt;El Ovallino;https://www.elovallino.cl/retiran-decreto-que-protegia-al-pinguino-de-humboldt/;0;1;Nacional;1;Denuncia / Conflicto;1;No
216;Spheniscus humboldti;pingüino de Humboldt, pingüino, pájaro niño, patranka, Humboldt Penguin (inglés), Peruvian penguin (inglés);Aves;EN;Chile abre consulta ciudadana para declarar al pingüino de Humboldt Monumento Natural;Meteored Chile;https://www.meteored.cl/noticias/actualidad/chile-abre-consulta-ciudadana-para-declarar-al-pinguino-de-humboldt-monumento-natural.html;1;1;Nacional;1;Conservación / Positivo;1;No
216;Spheniscus humboldti;pingüino de Humboldt, pingüino, pájaro niño, patranka, Humboldt Penguin (inglés), Peruvian penguin (inglés);Aves;EN;Últimos días para salvar al pingüino de Humboldt en Chile;thetimes.lat;https://thetimes.cl/contenido/9843/ultimos-dias-para-salvar-al-pinguino-de-humboldt-en-chile;1;1;Nacional;1;Conservación / Positivo;1;No
216;Spheniscus humboldti;pingüino de Humboldt, pingüino, pájaro niño, patranka, Humboldt Penguin (inglés), Peruvian penguin (inglés);Aves;EN;Pingüino de Humboldt albino es visto frente a la costa de Hualpén;soychile.cl;https://www.soychile.cl/santiago/tendencias/2026/01/21/937305/pinguino-humboldt-albino-costa-hualpen.html;1;1;Nacional;1;Científico / Educativo;1;No
216;Spheniscus humboldti;pingüino de Humboldt, pingüino, pájaro niño, patranka, Humboldt Penguin (inglés), Peruvian penguin (inglés);Aves;EN;"Greenpeace exige medidas urgentes para salvar al pingüino de Humboldt: ""No podemos seguir destruyendo""";BioBioChile;https://www.biobiochile.cl/noticias/ciencia-y-tecnologia/ciencia/2025/10/28/greenpeace-exige-medidas-urgentes-para-salvar-al-pinguino-de-humboldt-no-podemos-seguir-destruyendo.shtml;1;1;Nacional;1;Denuncia / Conflicto;1;No
216;Spheniscus humboldti;pingüino de Humboldt, pingüino, pájaro niño, patranka, Humboldt Penguin (inglés), Peruvian penguin (inglés);Aves;EN;El pingüino de Humboldt pasa a estar en peligro de extinción y enciende las alarmas por la biodiversidad en Chile;Futuro 360 | CNN Chile;https://futuro360.cnnchile.com/el-pinguino-de-humboldt-pasa-a-estar-en-peligro-de-extincion-y-enciende-las-alarmas-por-la-biodiversidad-en-chile;1;1;Nacional;1;Alarma / Crisis;1;No
216;Spheniscus humboldti;pingüino de Humboldt, pingüino, pájaro niño, patranka, Humboldt Penguin (inglés), Peruvian penguin (inglés);Aves;EN;¿Por qué fue declarado el pingüino de Humboldt en peligro de extinción? Alertan sobre crítica situación en Chile y los riesgos de Dominga;elciudadano.com;https://www.elciudadano.com/actualidad/por-que-fue-declarado-el-pinguino-de-humboldt-en-peligro-de-extincion-alertan-sobre-critica-situacion-en-chile-y-los-peligros-de-dominga/11/01/;1;1;Nacional;1;Denuncia / Conflicto;1;No
216;Spheniscus humboldti;pingüino de Humboldt, pingüino, pájaro niño, patranka, Humboldt Penguin (inglés), Peruvian penguin (inglés);Aves;EN;¿Sin protección?: Ranita de Darwin y Pingüino de Humboldt, las dos especies icónicas de Chile en medio del debate ambiental;Publimetro;https://www.publimetro.cl/noticias/2026/03/17/sin-proteccion-ranita-de-darwin-y-pinguino-de-humboldt-las-dos-especies-iconicas-de-chile-en-medio-del-debate-ambiental/;1;1;Nacional;1;Denuncia / Conflicto;1;No
216;Spheniscus humboldti;pingüino de Humboldt, pingüino, pájaro niño, patranka, Humboldt Penguin (inglés), Peruvian penguin (inglés);Aves;EN;La Serena será sede del Seminario Pingüino de Humboldt en peligro de extinción;El Serenense;https://www.elserenense.cl/comunales/2025/11/11/la-serena-sera-sede-del-seminario-pinguino-de-humboldt-en-peligro-de-extincion/;1;1;Nacional;1;Científico / Educativo;1;No
216;Spheniscus humboldti;pingüino de Humboldt, pingüino, pájaro niño, patranka, Humboldt Penguin (inglés), Peruvian penguin (inglés);Aves;EN;¿Pingüino de Humboldt albino en Biobío?: hallazgo inédito abre retos científicos y de conservación;Diario Concepción;https://www.diarioconcepcion.cl/ciencia-y-sociedad/2026/01/30/pinguino-de-humboldt-albino-en-biobio-hallazgo-inedito-abre-retos-cientificos-y-de-conservacion.html;1;1; Nacional;1; Científico/Educativo;1;No
216;Spheniscus humboldti;pingüino de Humboldt, pingüino, pájaro niño, patranka, Humboldt Penguin (inglés), Peruvian penguin (inglés);Aves;EN;Registran por primera vez en Chile un ejemplar de pingüino de Humboldt albino;Diario Usach;https://www.diariousach.cl/registran-por-primera-vez-en-chile-un-ejemplar-de-pinguino-de-humboldt;1;1;Nacional;1;Científico/Educativo;1;No
216;Spheniscus humboldti;pingüino de Humboldt, pingüino, pájaro niño, patranka, Humboldt Penguin (inglés), Peruvian penguin (inglés);Aves;EN;Pingüino de Humboldt en peligro de extinción: la contaminación y el cambio climático lo acorralan;El Mostrador;https://www.elmostrador.cl/agenda-pais/agenda-social/2025/11/11/pinguino-de-humboldt-en-peligro-de-extincion-la-contaminacion-y-el-cambio-climatico-lo-acorralan/;1;1;Nacional;1;Alarma/Crisis;1;No
216;Spheniscus humboldti;pingüino de Humboldt, pingüino, pájaro niño, patranka, Humboldt Penguin (inglés), Peruvian penguin (inglés);Aves;EN;Chile declara oficialmente en peligro de extinción a Pingüino de Humboldt;El Periodista;https://www.elperiodista.cl/2025/10/pinguino-de-humboldt-es-declarado-oficialmente-en-peligro-de-extincion/;1;1;Nacional;1;Alarma/Crisis;1;No
216;Spheniscus humboldti;pingüino de Humboldt, pingüino, pájaro niño, patranka, Humboldt Penguin (inglés), Peruvian penguin (inglés);Aves;EN;Detectan primer pingüino de Humboldt albino en el Biobío;24horas;https://www.24horas.cl/conciencia-24-7/sostenibilidad/pinguino-de-humboldt-albino-biobio;1;1;Nacional;1;Alarma/Crisis;1;No
216;Spheniscus humboldti;pingüino de Humboldt, pingüino, pájaro niño, patranka, Humboldt Penguin (inglés), Peruvian penguin (inglés);Aves;EN;El pingüino de Humboldt es declarado Monumento Natural y elevan su nivel de protección en Chile;Radio Concierto Chile - Sólo grandes canciones;https://www.concierto.cl/2026/02/el-pinguino-de-humboldt-es-declarado-monumento-natural-y-elevan-su-nivel-de-proteccion-en-chile/;1;1;Nacional;1;Conservación/Positivo;1;No
216;Spheniscus humboldti;pingüino de Humboldt, pingüino, pájaro niño, patranka, Humboldt Penguin (inglés), Peruvian penguin (inglés);Aves;EN;Detectan primer pingüino de Humboldt albino en el Biobío;24horas;https://www.24horas.cl/conciencia-24-7/sostenibilidad/pinguino-de-humboldt-albino-biobio;1;1;Nacional;1;Científico/Educativo;1;No
216;Spheniscus humboldti;pingüino de Humboldt, pingüino, pájaro niño, patranka, Humboldt Penguin (inglés), Peruvian penguin (inglés);Aves;EN;El pingüino de Humboldt es declarado Monumento Natural en Chile;Sabes.cl;https://sabes.cl/2026/02/14/el-pinguino-de-humboldt-es-declarado-monumento-natural-en-chile/;1;1;Nacional;1;Conservación/Positivo;1;No
216;Spheniscus humboldti;pingüino de Humboldt, pingüino, pájaro niño, patranka, Humboldt Penguin (inglés), Peruvian penguin (inglés);Aves;EN;WWF Chile presentó propuestas en el marco de la consulta pública para declarar al pingüino de Humboldt como Monumento Natural;Infogate.cl;https://infogate.cl/2026/02/wwf-chile-presento-propuestas-en-el-marco-de-la-consulta-publica-para-declarar-al-pinguino-de-humboldt-como-monumento-natural/;1;1;Nacional;1;Conservación/Positivo;1;No
216;Spheniscus humboldti;pingüino de Humboldt, pingüino, pájaro niño, patranka, Humboldt Penguin (inglés), Peruvian penguin (inglés);Aves;EN;Protección del pingüino de Humboldt y descontaminación del lago Villarrica: las razones del Ejecutivo para retirar 43 decretos ambientales;El Dínamo;https://www.eldinamo.cl/sociedad/medio-ambiente/2026/03/17/proteccion-del-pinguino-de-humboldt-y-descontaminacion-del-lago-villarrica-las-razones-del-ejecutivo-para-retirar-43-decretos-ambientales/;1;1;Nacional;1;Denuncia/Conflicto;1;No
216;Spheniscus humboldti;pingüino de Humboldt, pingüino, pájaro niño, patranka, Humboldt Penguin (inglés), Peruvian penguin (inglés);Aves;EN;Para aumentar su protección: El Pingüino de Humboldt es declarado Monumento Nacional en Chile;pudahuel.cl;https://www.pudahuel.cl/noticias/2026/02/para-aumentar-su-proteccion-el-pinguino-de-humboldt-es-declarado-monumento-nacional-en-chile/;1;1;Nacional;1;Conservación/Positivo;1;No
216;Spheniscus humboldti;pingüino de Humboldt, pingüino, pájaro niño, patranka, Humboldt Penguin (inglés), Peruvian penguin (inglés);Aves;EN;Ataque y muerte de pingüino de Humboldt reabre urgente llamado a la tenencia responsable y protección de fauna silvestre;El Diario de Antofagasta;https://www.diarioantofagasta.cl/el-pais/218188/ataque-y-muerte-de-pinguino-de-humboldt-reabre-urgente-llamado-a-la-tenencia-responsable-y-proteccion-de-fauna-silvestre/;1;1;Nacional;1;Conservación/Positivo;1;No
216;Spheniscus humboldti;pingüino de Humboldt, pingüino, pájaro niño, patranka, Humboldt Penguin (inglés), Peruvian penguin (inglés);Aves;EN;“Andaba solo en el agua”: Investigación registró primer hallazgo de pingüino de Humboldt albino en el Biobío;The Clinic;https://www.theclinic.cl/2026/01/22/andaba-solo-en-el-agua-investigacion-registro-primer-hallazgo-de-pinguino-de-humboldt-albino-en-el-biobio/;1;1;Nacional;1;Científico/Educativo;1;No
216;Spheniscus humboldti;pingüino de Humboldt, pingüino, pájaro niño, patranka, Humboldt Penguin (inglés), Peruvian penguin (inglés);Aves;EN;Gobierno retira más de 40 decretos ambientales que creaban parques nacionales y otorgaban protección a la ranita de Darwin y el pingüino de Humboldt;The Clinic;https://www.theclinic.cl/2026/03/17/gobierno-retira-mas-de-40-decretos-ambientales-que-creaban-parques-nacionales-y-otorgaban-proteccion-a-la-ranita-de-darwin-y-el-pinguino-de-humboldt/;1;1;Nacional;1;Denuncia/Conflicto;1;No
216;Spheniscus humboldti;pingüino de Humboldt, pingüino, pájaro niño, patranka, Humboldt Penguin (inglés), Peruvian penguin (inglés);Aves;EN;Pingüino de Humboldt y ranita de Darwin: Revisa el estado actual de los 43 decretos ambientales retirados por Kast;El Desconcierto;https://eldesconcierto.cl/2026/03/20/pinguino-de-humboldt-y-ranita-de-darwin-revisa-el-estado-actual-de-los-43-decretos-ambientales-retirados-por-kast;1;1;Nacional;1;Denuncia/Conflicto;1;No
216;Spheniscus humboldti;pingüino de Humboldt, pingüino, pájaro niño, patranka, Humboldt Penguin (inglés), Peruvian penguin (inglés);Aves;EN;Pingüino de Humboldt es declarado monumento natural para reforzar su protección en Chile;VLN Radio;https://www.vlnradio.cl/noticias/actualidad/2026/02/15/pinguino-de-humboldt-es-declarado-monumento-natural-para-reforzar-su-proteccion-en-chile/;1;1;Nacional;1;Conservación/Positivo;1;No
216;Spheniscus humboldti;pingüino de Humboldt, pingüino, pájaro niño, patranka, Humboldt Penguin (inglés), Peruvian penguin (inglés);Aves;EN;Chile declara oficialmente al Pingüino de Humboldt «en peligro de extinción»;Radio Ñuble;https://radionuble.cl/v1/2025/10/23/chile-declara-oficialmente-al-pinguino-de-humboldt-en-peligro-de-extincion/;1;1;Nacional;1;Alarma/Crisis;1;No
216;Spheniscus humboldti;pingüino de Humboldt, pingüino, pájaro niño, patranka, Humboldt Penguin (inglés), Peruvian penguin (inglés);Aves;EN;Debate ambiental en Chile: Ranita de Darwin y Pingüino de Humboldt en riesgo;Radio Canal 95;https://www.canal95.cl/nacional/debate-ambiental-chile-ranita-darwin-pinguino-humboldt-riesgo;1;1;Nacional;1;Denuncia/Conflicto;1;No
216;Spheniscus humboldti;pingüino de Humboldt, pingüino, pájaro niño, patranka, Humboldt Penguin (inglés), Peruvian penguin (inglés);Aves;EN;Pingüino de Humboldt y especies únicas de Chile en peligro: más del 70% está en riesgo de extinción;Meteored Chile;https://www.meteored.cl/noticias/ciencia/pinguino-de-humboldt-y-especies-unicas-de-chile-en-peligro-mas-del-70-esta-en-riesgo-de-extincion.html;1;1; Nacional;1; Alarma/Crisis;1;No
216;Spheniscus humboldti;pingüino de Humboldt, pingüino, pájaro niño, patranka, Humboldt Penguin (inglés), Peruvian penguin (inglés);Aves;EN;Gobierno chileno le quita la protección al Pingüino de Humboldt;Mestizos Magazine;https://www.mestizos.cl/actualidad-animal/2026/03/18/gobierno-chileno-le-quita-la-proteccion-al-pinguino-de-humboldt.html;1;1; Nacional;1; Denuncia/Conflicto;1;No
216;Spheniscus humboldti;pingüino de Humboldt, pingüino, pájaro niño, patranka, Humboldt Penguin (inglés), Peruvian penguin (inglés);Aves;EN;Declaran monumento natural al pingüino de Humboldt en todo Chile;Puranoticia;https://puranoticia.pnt.cl/nacional/declaran-monumento-natural-al-pinguino-de-humboldt-en-todo-chile;1;1; Nacional;1; Conservación/Positivo;1;No
216;Spheniscus humboldti;pingüino de Humboldt, pingüino, pájaro niño, patranka, Humboldt Penguin (inglés), Peruvian penguin (inglés);Aves;EN;El pingüino de Humboldt, declarado monumento natural por Chile;ANSA Latina;https://www.ansalatina.com/americalatina/noticia/latinoamerica/2026/02/13/el-pingueino-de-humboldt-declarado-monumento-natural-por-chile_be13193f-0864-424f-855b-bc1b51c5ef3c.html;1;1; Nacional;1; Conservación/Positivo;1;No
216;Spheniscus humboldti;pingüino de Humboldt, pingüino, pájaro niño, patranka, Humboldt Penguin (inglés), Peruvian penguin (inglés);Aves;EN;"Chile declara oficialmente al Pingüino de Humboldt ""en peligro de extinción""";Radio Contacto 90.7 FM;https://radiocontacto.cl/2025/10/23/chile-declara-oficialmente-al-pinguino-de-humboldt-en-peligro-de-extincion/;1;1; Nacional;1; Alarma/Crisis;1;No
216;Spheniscus humboldti;pingüino de Humboldt, pingüino, pájaro niño, patranka, Humboldt Penguin (inglés), Peruvian penguin (inglés);Aves;EN;Un pingüino de Chile perdió más del 50% de su población;eldiarioweb.com;https://www.eldiarioweb.com/2025/10/un-pinguino-de-chile-perdio-mas-del-50-de-su-poblacion/;1;1; Nacional;1; Alarma/Crisis;1;No
216;Spheniscus humboldti;pingüino de Humboldt, pingüino, pájaro niño, patranka, Humboldt Penguin (inglés), Peruvian penguin (inglés);Aves;EN;Chile declara Monumento Natural al pingüino de Humboldt tras caída del 50% de su población;Publimicro;https://publimicro.cl/chile-declara-monumento-natural-al-pinguino-de-humboldt-tras-caida-del-50-de-su-poblacion/;1;1; Nacional;1; Conservación/Positivo;1;No
216;Spheniscus humboldti;pingüino de Humboldt, pingüino, pájaro niño, patranka, Humboldt Penguin (inglés), Peruvian penguin (inglés);Aves;EN;Pingüino de Humboldt pasa a “en peligro”: especie icónica que habita en la Región de Antofagasta enfrenta drástica disminución;soychile.cl;https://www.soychile.cl/antofagasta/sociedad/2025/10/24/926196/region-antofagasta-especie-iconica.html;1;1; Nacional;1; Alarma/Crisis;1;No
216;Spheniscus humboldti;pingüino de Humboldt, pingüino, pájaro niño, patranka, Humboldt Penguin (inglés), Peruvian penguin (inglés);Aves;EN;Gobierno retira más de 40 decretos ambientales: Entre ellos la protección a Ranita de Darwin y Pingüino de Humboldt;Meganoticias;https://www.meganoticias.cl/nacional/517253-gobierno-retira-mas-de-40-decretos-ambientales-proteccion-ranita-de-darwin-pinguino-de-humboldt-17-3-2026.html;1;1; Nacional;1; Denuncia/Conflicto;0;No
216;Spheniscus humboldti;pingüino de Humboldt, pingüino, pájaro niño, patranka, Humboldt Penguin (inglés), Peruvian penguin (inglés);Aves;EN;Pingüino de Humboldt es declarado Monumento Natural y refuerzan su protección en todo Chile;ADN Radio;https://www.adnradio.cl/2026/02/15/pinguino-de-humboldt-es-declarado-monumento-natural-y-refuerzan-su-proteccion-en-todo-chile/;1;1; Nacional;1; Conservación/Positivo;1;No
216;Spheniscus humboldti;pingüino de Humboldt, pingüino, pájaro niño, patranka, Humboldt Penguin (inglés), Peruvian penguin (inglés);Aves;EN;“Desde hoy en adelante no usaré desodorante, sólo Tanax”: insecticida se vuelve viral por crítica a retiro de decreto que protegía a Pingüino de Humboldt y Ranita de Darwin;Publimetro;https://www.publimetro.cl/social/2026/03/18/desde-hoy-en-adelante-no-usare-desodorante-solo-tanax-insecticida-se-vuelve-viral-por-critica-a-retiro-de-decreto-que-protegia-a-pinguino-de-humboldt-y-ranita-de-darwin/;1;1; Nacional;1; Denuncia/Conflicto;1;No
216;Spheniscus humboldti;pingüino de Humboldt, pingüino, pájaro niño, patranka, Humboldt Penguin (inglés), Peruvian penguin (inglés);Aves;EN;El pequeño gran emperador de la corriente: Pingüino de Humboldt ya es Monumento Natural en Chile;Meteored Chile;https://www.meteored.cl/noticias/actualidad/el-pequeno-gran-emperador-de-la-corriente-pinguino-de-humboldt-ya-es-monumento-natural-en-chile.html;1;1; Nacional;1; Conservación/Positivo;1;No
;;;;;;;;;;;;;;
;;;;;;;;;;;;;;
;;;;;;;;;;;;;;
;;;;;;;;;;;;;;
;;;;;;;;;;;;;;
;;;;;;;;;;;;;;
;;;;;;;;;;;;;;
;;;;;;;;;;;;;;
;;;;;;;;;;;;;;
;;;;;;;;;;;;;;
;;;;;;;;;;;;;;
;;;;;;;;;;;;;;
;;;;;;;;;;;;;;
;;;;;;;;;;;;;;
;;;;;;;;;;;;;;
;;;;;;;;;;;;;;
;;;;;;;;;;;;;;
;;;;;;;;;;;;;;
;;;;;;;;;;;;;;
;;;;;;;;;;;;;;
;;;;;;;;;;;;;;
;;;;;;;;;;;;;;
;;;;;;;;;;;;;;
;;;;;;;;;;;;;;
;;;;;;;;;;;;;;
;;;;;;;;;;;;;;
;;;;;;;;;;;;;;
;;;;;;;;;;;;;;
;;;;;;;;;;;;;;
;;;;;;;;;;;;;;
;;;;;;;;;;;;;;
;;;;;;;;;;;;;;
;;;;;;;;;;;;;;
;;;;;;;;;;;;;;
;;;;;;;;;;;;;;
;;;;;;;;;;;;;;
;;;;;;;;;;;;;;
;;;;;;;;;;;;;;
;;;;;;;;;;;;;;
;;;;;;;;;;;;;;
;;;;;;;;;;;;;;
;;;;;;;;;;;;;;
;;;;;;;;;;;;;;
;;;;;;;;;;;;;;
;;;;;;;;;;;;;;
;;;;;;;;;;;;;;
;;;;;;;;;;;;;;
;;;;;;;;;;;;;;
;;;;;;;;;;;;;;
;;;;;;;;;;;;;;
;;;;;;;;;;;;;;
;;;;;;;;;;;;;;
;;;;;;;;;;;;;;
;;;;;;;;;;;;;;
;;;;;;;;;;;;;;
;;;;;;;;;;;;;;
;;;;;;;;;;;;;;
;;;;;;;;;;;;;;
;;;;;;;;;;;;;;
;;;;;;;;;;;;;;
;;;;;;;;;;;;;;
;;;;;;;;;;;;;;
;;;;;;;;;;;;;;
;;;;;;;;;;;;;;
;;;;;;;;;;;;;;
;;;;;;;;;;;;;;
;;;;;;;;;;;;;;
;;;;;;;;;;;;;;
;;;;;;;;;;;;;;
;;;;;;;;;;;;;;
;;;;;;;;;;;;;;
;;;;;;;;;;;;;;
;;;;;;;;;;;;;;
;;;;;;;;;;;;;;
;;;;;;;;;;;;;;
;;;;;;;;;;;;;;
;;;;;;;;;;;;;;
;;;;;;;;;;;;;;
;;;;;;;;;;;;;;
;;;;;;;;;;;;;;
;;;;;;;;;;;;;;
;;;;;;;;;;;;;;
;;;;;;;;;;;;;;
;;;;;;;;;;;;;;
;;;;;;;;;;;;;;
;;;;;;;;;;;;;;
;;;;;;;;;;;;;;
;;;;;;;;;;;;;;
;;;;;;;;;;;;;;
;;;;;;;;;;;;;;
;;;;;;;;;;;;;;
;;;;;;;;;;;;;;
;;;;;;;;;;;;;;
;;;;;;;;;;;;;;
;;;;;;;;;;;;;;
;;;;;;;;;;;;;;
;;;;;;;;;;;;;;
;;;;;;;;;;;;;;
;;;;;;;;;;;;;;
;;;;;;;;;;;;;;
;;;;;;;;;;;;;;
;;;;;;;;;;;;;;
;;;;;;;;;;;;;;
;;;;;;;;;;;;;;
;;;;;;;;;;;;;;
;;;;;;;;;;;;;;
;;;;;;;;;;;;;;
;;;;;;;;;;;;;;
;;;;;;;;;;;;;;
;;;;;;;;;;;;;;
;;;;;;;;;;;;;;
;;;;;;;;;;;;;;
;;;;;;;;;;;;;;
;;;;;;;;;;;;;;
;;;;;;;;;;;;;;
;;;;;;;;;;;;;;
;;;;;;;;;;;;;;
;;;;;;;;;;;;;;
;;;;;;;;;;;;;;
;;;;;;;;;;;;;;
;;;;;;;;;;;;;;
;;;;;;;;;;;;;;
;;;;;;;;;;;;;;
;;;;;;;;;;;;;;
;;;;;;;;;;;;;;
;;;;;;;;;;;;;;
;;;;;;;;;;;;;;
;;;;;;;;;;;;;;
;;;;;;;;;;;;;;
;;;;;;;;;;;;;;
;;;;;;;;;;;;;;
;;;;;;;;;;;;;;
;;;;;;;;;;;;;;
;;;;;;;;;;;;;;
;;;;;;;;;;;;;;
;;;;;;;;;;;;;;
;;;;;;;;;;;;;;
;;;;;;;;;;;;;;
;;;;;;;;;;;;;;
;;;;;;;;;;;;;;
;;;;;;;;;;;;;;
;;;;;;;;;;;;;;
;;;;;;;;;;;;;;
;;;;;;;;;;;;;;
;;;;;;;;;;;;;;
;;;;;;;;;;;;;;
;;;;;;;;;;;;;;
;;;;;;;;;;;;;;
;;;;;;;;;;;;;;
;;;;;;;;;;;;;;
;;;;;;;;;;;;;;
;;;;;;;;;;;;;;
;;;;;;;;;;;;;;
;;;;;;;;;;;;;;
;;;;;;;;;;;;;;
;;;;;;;;;;;;;;
;;;;;;;;;;;;;;
;;;;;;;;;;;;;;
;;;;;;;;;;;;;;
;;;;;;;;;;;;;;
;;;;;;;;;;;;;;
;;;;;;;;;;;;;;
;;;;;;;;;;;;;;
;;;;;;;;;;;;;;
;;;;;;;;;;;;;;
;;;;;;;;;;;;;;
;;;;;;;;;;;;;;
;;;;;;;;;;;;;;
;;;;;;;;;;;;;;
;;;;;;;;;;;;;;
;;;;;;;;;;;;;;
;;;;;;;;;;;;;;
;;;;;;;;;;;;;;
;;;;;;;;;;;;;;
;;;;;;;;;;;;;;
;;;;;;;;;;;;;;
;;;;;;;;;;;;;;
;;;;;;;;;;;;;;
;;;;;;;;;;;;;;
;;;;;;;;;;;;;;
;;;;;;;;;;;;;;
;;;;;;;;;;;;;;
;;;;;;;;;;;;;;
;;;;;;;;;;;;;;
;;;;;;;;;;;;;;
;;;;;;;;;;;;;;
;;;;;;;;;;;;;;
;;;;;;;;;;;;;;
;;;;;;;;;;;;;;
;;;;;;;;;;;;;;
;;;;;;;;;;;;;;
;;;;;;;;;;;;;;
;;;;;;;;;;;;;;
;;;;;;;;;;;;;;
;;;;;;;;;;;;;;
;;;;;;;;;;;;;;
;;;;;;;;;;;;;;
;;;;;;;;;;;;;;
;;;;;;;;;;;;;;
;;;;;;;;;;;;;;
;;;;;;;;;;;;;;
;;;;;;;;;;;;;;
;;;;;;;;;;;;;;
;;;;;;;;;;;;;;
;;;;;;;;;;;;;;
;;;;;;;;;;;;;;
;;;;;;;;;;;;;;
;;;;;;;;;;;;;;
;;;;;;;;;;;;;;
;;;;;;;;;;;;;;
;;;;;;;;;;;;;;
;;;;;;;;;;;;;;
;;;;;;;;;;;;;;
;;;;;;;;;;;;;;
;;;;;;;;;;;;;;
;;;;;;;;;;;;;;
;;;;;;;;;;;;;;
;;;;;;;;;;;;;;
;;;;;;;;;;;;;;
;;;;;;;;;;;;;;
;;;;;;;;;;;;;;
;;;;;;;;;;;;;;
;;;;;;;;;;;;;;
